run_accession,tissue_lib,cell_line,cell_type,tissue_type,Gtex
ERR2022826,,,,,Adipose
SRR18363091,,,,Adipose tissue biopsy,Adipose
SRR18363094,,,,Adipose tissue biopsy,Adipose
SRR18363101,,,,Adipose tissue biopsy,Adipose
SRR18363104,,,,Adipose tissue biopsy,Adipose
SRR18363111,,,,Adipose tissue biopsy,Adipose
SRR18363116,,,,Adipose tissue biopsy,Adipose
SRR18363122,,,,Adipose tissue biopsy,Adipose
SRR18363123,,,,Adipose tissue biopsy,Adipose
SRR18363125,,,,Adipose tissue biopsy,Adipose
SRR18363134,,,,Adipose tissue biopsy,Adipose
SRR18363137,,,,Adipose tissue biopsy,Adipose
SRR18363140,,,,Adipose tissue biopsy,Adipose
SRR18363156,,,,Adipose tissue biopsy,Adipose
SRR18363157,,,,Adipose tissue biopsy,Adipose
SRR18363162,,,,Adipose tissue biopsy,Adipose
SRR18363177,,,,Adipose tissue biopsy,Adipose
SRR18363207,,,,Adipose tissue biopsy,Adipose
SRR18363210,,,,Adipose tissue biopsy,Adipose
SRR18363216,,,,Adipose tissue biopsy,Adipose
SRR18363146,,,,Adipose tissue biopsy,Adipose
SRR18363097,,,,Adipose tissue biopsy,Adipose
SRR18363214,,,,Adipose tissue biopsy,Adipose
SRR18363119,,,,Adipose tissue biopsy,Adipose
SRR18363128,,,,Adipose tissue biopsy,Adipose
SRR18363131,,,,Adipose tissue biopsy,Adipose
SRR18363151,,,,Adipose tissue biopsy,Adipose
SRR18363154,,,,Adipose tissue biopsy,Adipose
SRR18363169,,,,Adipose tissue biopsy,Adipose
SRR18363179,,,,Adipose tissue biopsy,Adipose
SRR18363182,,,,Adipose tissue biopsy,Adipose
SRR18363190,,,,Adipose tissue biopsy,Adipose
SRR18363193,,,,Adipose tissue biopsy,Adipose
SRR18363197,,,,Adipose tissue biopsy,Adipose
SRR18363200,,,,Adipose tissue biopsy,Adipose
SRR18363220,,,,Adipose tissue biopsy,Adipose
SRR18363225,,,,Adipose tissue biopsy,Adipose
SRR18363084,,,,Adipose tissue biopsy,Adipose
SRR18363087,,,,Adipose tissue biopsy,Adipose
SRR18363090,,,,Adipose tissue biopsy,Adipose
SRR18363108,,,,Adipose tissue biopsy,Adipose
SRR18363114,,,,Adipose tissue biopsy,Adipose
SRR18363143,,,,Adipose tissue biopsy,Adipose
SRR18363159,,,,Adipose tissue biopsy,Adipose
SRR18363165,,,,Adipose tissue biopsy,Adipose
SRR18363171,,,,Adipose tissue biopsy,Adipose
SRR18363174,,,,Adipose tissue biopsy,Adipose
SRR18363185,,,,Adipose tissue biopsy,Adipose
SRR18363213,,,,Adipose tissue biopsy,Adipose
ERR5320467,,,,,Adipose - Subcutaneous
ERR5320469,,,,,Adipose - Subcutaneous
ERR5320471,,,,,Adipose - Subcutaneous
ERR5320477,,,,,Adipose - Subcutaneous
ERR5320479,,,,,Adipose - Subcutaneous
ERR5320481,,,,,Adipose - Subcutaneous
ERR5320482,,,,,Adipose - Subcutaneous
ERR5320484,,,,,Adipose - Subcutaneous
ERR5320488,,,,,Adipose - Subcutaneous
ERR5320461,,,,,Adipose - Subcutaneous
ERR5320463,,,,,Adipose - Subcutaneous
ERR5320464,,,,,Adipose - Subcutaneous
ERR5320470,,,,,Adipose - Subcutaneous
ERR5320474,,,,,Adipose - Subcutaneous
ERR5320475,,,,,Adipose - Subcutaneous
ERR5320476,,,,,Adipose - Subcutaneous
ERR5320478,,,,,Adipose - Subcutaneous
ERR5320480,,,,,Adipose - Subcutaneous
ERR5320486,,,,,Adipose - Subcutaneous
ERR5320487,,,,,Adipose - Subcutaneous
ERR5320489,,,,,Adipose - Subcutaneous
ERR5320459,,,,,Adipose - Subcutaneous
ERR5320460,,,,,Adipose - Subcutaneous
ERR5320462,,,,,Adipose - Subcutaneous
ERR5320465,,,,,Adipose - Subcutaneous
ERR5320466,,,,,Adipose - Subcutaneous
ERR5320468,,,,,Adipose - Subcutaneous
ERR5320472,,,,,Adipose - Subcutaneous
ERR5320473,,,,,Adipose - Subcutaneous
ERR5320483,,,,,Adipose - Subcutaneous
ERR5320485,,,,,Adipose - Subcutaneous
ERR5320490,,,,,Adipose - Subcutaneous
SRR1721279,,,,,Adrenal Gland
SRR1721280,,,,,Adrenal Gland
SRR1721281,,,,,Adrenal Gland
SRR1721282,,,,,Adrenal Gland
SRR1721283,,,,,Adrenal Gland
SRR1734382,,,,coronary artery,Artery - Coronary
SRR1734383,,,,coronary artery,Artery - Coronary
SRR1734384,,,,coronary artery,Artery - Coronary
SRR1734385,,,,coronary artery,Artery - Coronary
SRR1734386,,,,coronary artery,Artery - Coronary
SRR1734387,,,,coronary artery,Artery - Coronary
SRR1734388,,,,coronary artery,Artery - Coronary
SRR25098088,,,,,Artery - Pulmonary trunk
SRR25098090,,,,,Artery - Pulmonary trunk
SRR25098092,,,,,Artery - Pulmonary trunk
SRR25098100,,,,,Artery - Pulmonary trunk
SRR25098104,,,,,Artery - Pulmonary trunk
SRR25098087,,,,,Artery - Pulmonary trunk
SRR25098089,,,,,Artery - Pulmonary trunk
SRR25098093,,,,,Artery - Pulmonary trunk
SRR25098094,,,,,Artery - Pulmonary trunk
SRR25098098,,,,,Artery - Pulmonary trunk
SRR25098105,,,,,Artery - Pulmonary trunk
SRR25098109,,,,,Artery - Pulmonary trunk
SRR25098113,,,,,Artery - Pulmonary trunk
SRR25098091,,,,,Artery - Pulmonary trunk
SRR25098095,,,,,Artery - Pulmonary trunk
SRR25098097,,,,,Artery - Pulmonary trunk
SRR25098101,,,,,Artery - Pulmonary trunk
SRR25098103,,,,,Artery - Pulmonary trunk
SRR25098106,,,,,Artery - Pulmonary trunk
SRR25098108,,,,,Artery - Pulmonary trunk
SRR25098110,,,,,Artery - Pulmonary trunk
SRR25098112,,,,,Artery - Pulmonary trunk
SRR25098096,,,,,Artery - Pulmonary trunk
SRR25098099,,,,,Artery - Pulmonary trunk
SRR25098102,,,,,Artery - Pulmonary trunk
SRR25098107,,,,,Artery - Pulmonary trunk
SRR25098111,,,,,Artery - Pulmonary trunk
SRR25098114,,,,,Artery - Pulmonary trunk
ERR2022845,,,,,Bladder
ERR5869687,,,,,Bladder
ERR5869679,,,,,Bladder
SRR5398217,,,,,Bladder
SRR5398216,,,,,Bladder
SRR5398218,,,,,Bladder
SRR6256345,,,,normal adjacent tissue,Bladder
SRR6256347,,,,normal adjacent tissue,Bladder
SRR6256343,,,,normal adjacent tissue,Bladder
SRR6256339,,,,normal adjacent tissue,Bladder
SRR6256341,,,,normal adjacent tissue,Bladder
SRR16328465,,,,adjacent tissue,Bladder
SRR16328463,,,,adjacent tissue,Bladder
SRR16328467,,,,adjacent tissue,Bladder
SRR22532364,,,,,Blood - Granulocyte
SRR22532365,,,,,Blood - Granulocyte
SRR22532370,,,,,Blood - Granulocyte
SRR22532378,,,,,Blood - Granulocyte
SRR22532381,,,,,Blood - Granulocyte
SRR22532387,,,,,Blood - Granulocyte
SRR22532390,,,,,Blood - Granulocyte
SRR22532391,,,,,Blood - Granulocyte
SRR22532393,,,,,Blood - Granulocyte
SRR22532394,,,,,Blood - Granulocyte
SRR22532396,,,,,Blood - Granulocyte
SRR22532397,,,,,Blood - Granulocyte
SRR22532398,,,,,Blood - Granulocyte
SRR22532367,,,,,Blood - Granulocyte
SRR22532369,,,,,Blood - Granulocyte
SRR22532372,,,,,Blood - Granulocyte
SRR22532380,,,,,Blood - Granulocyte
SRR22532384,,,,,Blood - Granulocyte
SRR22532385,,,,,Blood - Granulocyte
SRR22532392,,,,,Blood - Granulocyte
SRR22532366,,,,,Blood - Granulocyte
SRR22532368,,,,,Blood - Granulocyte
SRR22532371,,,,,Blood - Granulocyte
SRR22532373,,,,,Blood - Granulocyte
SRR22532374,,,,,Blood - Granulocyte
SRR22532375,,,,,Blood - Granulocyte
SRR22532376,,,,,Blood - Granulocyte
SRR22532377,,,,,Blood - Granulocyte
SRR22532379,,,,,Blood - Granulocyte
SRR22532382,,,,,Blood - Granulocyte
SRR22532383,,,,,Blood - Granulocyte
SRR22532386,,,,,Blood - Granulocyte
SRR22532388,,,,,Blood - Granulocyte
SRR22532389,,,,,Blood - Granulocyte
SRR22532395,,,,,Blood - Granulocyte
SRR22302246,,,Monocyte-derived macrophages,,Blood - Marcophage
SRR22302249,,,Monocyte-derived macrophages,,Blood - Marcophage
SRR22302243,,,Monocyte-derived macrophages,,Blood - Marcophage
SRR22302252,,,Monocyte-derived macrophages,,Blood - Marcophage
SRR22478856,,,PBMC,,Blood - Peripheral Blood Mononuclear Cell
SRR22478860,,,PBMC,,Blood - Peripheral Blood Mononuclear Cell
SRR22478862,,,PBMC,,Blood - Peripheral Blood Mononuclear Cell
SRR22478863,,,PBMC,,Blood - Peripheral Blood Mononuclear Cell
SRR22478864,,,PBMC,,Blood - Peripheral Blood Mononuclear Cell
SRR22478855,,,PBMC,,Blood - Peripheral Blood Mononuclear Cell
SRR22478858,,,PBMC,,Blood - Peripheral Blood Mononuclear Cell
SRR22478861,,,PBMC,,Blood - Peripheral Blood Mononuclear Cell
SRR22478857,,,PBMC,,Blood - Peripheral Blood Mononuclear Cell
SRR22478859,,,PBMC,,Blood - Peripheral Blood Mononuclear Cell
SRR7094252,,,,,Blood - Whole blood
SRR7094257,,,,,Blood - Whole blood
SRR7094262,,,,,Blood - Whole blood
SRR7094264,,,,,Blood - Whole blood
SRR7094265,,,,,Blood - Whole blood
SRR7094267,,,,,Blood - Whole blood
SRR7094268,,,,,Blood - Whole blood
SRR7094270,,,,,Blood - Whole blood
SRR7094273,,,,,Blood - Whole blood
SRR7094281,,,,,Blood - Whole blood
SRR7094289,,,,,Blood - Whole blood
SRR7094291,,,,,Blood - Whole blood
SRR7094292,,,,,Blood - Whole blood
SRR7094298,,,,,Blood - Whole blood
SRR7094300,,,,,Blood - Whole blood
SRR7094302,,,,,Blood - Whole blood
SRR7094305,,,,,Blood - Whole blood
SRR7094309,,,,,Blood - Whole blood
SRR7094313,,,,,Blood - Whole blood
SRR7094314,,,,,Blood - Whole blood
SRR7094253,,,,,Blood - Whole blood
SRR7094255,,,,,Blood - Whole blood
SRR7094258,,,,,Blood - Whole blood
SRR7094274,,,,,Blood - Whole blood
SRR7094278,,,,,Blood - Whole blood
SRR7094282,,,,,Blood - Whole blood
SRR7094283,,,,,Blood - Whole blood
SRR7094284,,,,,Blood - Whole blood
SRR7094287,,,,,Blood - Whole blood
SRR7094290,,,,,Blood - Whole blood
SRR7094294,,,,,Blood - Whole blood
SRR7094295,,,,,Blood - Whole blood
SRR7094296,,,,,Blood - Whole blood
SRR7094303,,,,,Blood - Whole blood
SRR7094304,,,,,Blood - Whole blood
SRR7094310,,,,,Blood - Whole blood
SRR7094315,,,,,Blood - Whole blood
SRR7094256,,,,,Blood - Whole blood
SRR7094259,,,,,Blood - Whole blood
SRR7094260,,,,,Blood - Whole blood
SRR7094272,,,,,Blood - Whole blood
SRR7094285,,,,,Blood - Whole blood
SRR7094286,,,,,Blood - Whole blood
SRR7094254,,,,,Blood - Whole blood
SRR7094261,,,,,Blood - Whole blood
SRR7094269,,,,,Blood - Whole blood
SRR7094271,,,,,Blood - Whole blood
SRR7094276,,,,,Blood - Whole blood
SRR7094288,,,,,Blood - Whole blood
SRR7094293,,,,,Blood - Whole blood
SRR7094299,,,,,Blood - Whole blood
SRR7094301,,,,,Blood - Whole blood
SRR7094311,,,,,Blood - Whole blood
SRR7094307,,,,,Blood - Whole blood
SRR7094263,,,,,Blood - Whole blood
SRR7094266,,,,,Blood - Whole blood
SRR7094275,,,,,Blood - Whole blood
SRR7094277,,,,,Blood - Whole blood
SRR7094279,,,,,Blood - Whole blood
SRR7094280,,,,,Blood - Whole blood
SRR7094297,,,,,Blood - Whole blood
SRR7094306,,,,,Blood - Whole blood
SRR7094308,,,,,Blood - Whole blood
SRR7094312,,,,,Blood - Whole blood
SRR22283222,,,,Whole blood,Blood - Whole Blood
SRR22283231,,,,Whole blood,Blood - Whole Blood
SRR22283232,,,,Whole blood,Blood - Whole Blood
SRR22283233,,,,Whole blood,Blood - Whole Blood
SRR22283234,,,,Whole blood,Blood - Whole Blood
SRR22283235,,,,Whole blood,Blood - Whole Blood
SRR22283236,,,,Whole blood,Blood - Whole Blood
SRR22283237,,,,Whole blood,Blood - Whole Blood
SRR22283238,,,,Whole blood,Blood - Whole Blood
SRR22283239,,,,Whole blood,Blood - Whole Blood
SRR22283240,,,,Whole blood,Blood - Whole Blood
SRR22283223,,,,Whole blood,Blood - Whole Blood
SRR22283241,,,,Whole blood,Blood - Whole Blood
SRR22283242,,,,Whole blood,Blood - Whole Blood
SRR22283243,,,,Whole blood,Blood - Whole Blood
SRR22283244,,,,Whole blood,Blood - Whole Blood
SRR22283245,,,,Whole blood,Blood - Whole Blood
SRR22283246,,,,Whole blood,Blood - Whole Blood
SRR22283247,,,,Whole blood,Blood - Whole Blood
SRR22283248,,,,Whole blood,Blood - Whole Blood
SRR22283249,,,,Whole blood,Blood - Whole Blood
SRR22283250,,,,Whole blood,Blood - Whole Blood
SRR22283224,,,,Whole blood,Blood - Whole Blood
SRR22283251,,,,Whole blood,Blood - Whole Blood
SRR22283252,,,,Whole blood,Blood - Whole Blood
SRR22283253,,,,Whole blood,Blood - Whole Blood
SRR22283254,,,,Whole blood,Blood - Whole Blood
SRR22283255,,,,Whole blood,Blood - Whole Blood
SRR22283256,,,,Whole blood,Blood - Whole Blood
SRR22283257,,,,Whole blood,Blood - Whole Blood
SRR22283258,,,,Whole blood,Blood - Whole Blood
SRR22283259,,,,Whole blood,Blood - Whole Blood
SRR22283260,,,,Whole blood,Blood - Whole Blood
SRR22283225,,,,Whole blood,Blood - Whole Blood
SRR22283261,,,,Whole blood,Blood - Whole Blood
SRR22283262,,,,Whole blood,Blood - Whole Blood
SRR22283263,,,,Whole blood,Blood - Whole Blood
SRR22283264,,,,Whole blood,Blood - Whole Blood
SRR22283265,,,,Whole blood,Blood - Whole Blood
SRR22283266,,,,Whole blood,Blood - Whole Blood
SRR22283267,,,,Whole blood,Blood - Whole Blood
SRR22283268,,,,Whole blood,Blood - Whole Blood
SRR22283269,,,,Whole blood,Blood - Whole Blood
SRR22283270,,,,Whole blood,Blood - Whole Blood
SRR22283226,,,,Whole blood,Blood - Whole Blood
SRR22283271,,,,Whole blood,Blood - Whole Blood
SRR22283272,,,,Whole blood,Blood - Whole Blood
SRR22283273,,,,Whole blood,Blood - Whole Blood
SRR22283274,,,,Whole blood,Blood - Whole Blood
SRR22283275,,,,Whole blood,Blood - Whole Blood
SRR22283276,,,,Whole blood,Blood - Whole Blood
SRR22283277,,,,Whole blood,Blood - Whole Blood
SRR22283278,,,,Whole blood,Blood - Whole Blood
SRR22283279,,,,Whole blood,Blood - Whole Blood
SRR22283280,,,,Whole blood,Blood - Whole Blood
SRR22283227,,,,Whole blood,Blood - Whole Blood
SRR22283281,,,,Whole blood,Blood - Whole Blood
SRR22283282,,,,Whole blood,Blood - Whole Blood
SRR22283283,,,,Whole blood,Blood - Whole Blood
SRR22283284,,,,Whole blood,Blood - Whole Blood
SRR22283285,,,,Whole blood,Blood - Whole Blood
SRR22283286,,,,Whole blood,Blood - Whole Blood
SRR22283287,,,,Whole blood,Blood - Whole Blood
SRR22283288,,,,Whole blood,Blood - Whole Blood
SRR22283289,,,,Whole blood,Blood - Whole Blood
SRR22283290,,,,Whole blood,Blood - Whole Blood
SRR22283228,,,,Whole blood,Blood - Whole Blood
SRR22283291,,,,Whole blood,Blood - Whole Blood
SRR22283292,,,,Whole blood,Blood - Whole Blood
SRR25007129,,,,Whole blood,Blood - Whole Blood
SRR25007130,,,,Whole blood,Blood - Whole Blood
SRR22283229,,,,Whole blood,Blood - Whole Blood
SRR22283230,,,,Whole blood,Blood - Whole Blood
SRR24709841,,,,Basilic vein,Blood Vessel
SRR24709843,,,,Basilic vein,Blood Vessel
SRR24709845,,,,Basilic vein,Blood Vessel
SRR24709847,,,,Cephalic vein,Blood Vessel
SRR24709848,,,,Basilic vein,Blood Vessel
SRR24709850,,,,Basilic vein,Blood Vessel
SRR24709851,,,,Basilic vein,Blood Vessel
SRR24709860,,,,Cephalic vein,Blood Vessel
SRR24709842,,,,Basilic vein,Blood Vessel
SRR24709849,,,,Basilic vein,Blood Vessel
SRR24709852,,,,Basilic vein,Blood Vessel
SRR24709853,,,,Basilic vein,Blood Vessel
SRR24709854,,,,Basilic vein,Blood Vessel
SRR24709859,,,,Basilic vein,Blood Vessel
SRR24709844,,,,Basilic vein,Blood Vessel
SRR24709846,,,,Basilic vein,Blood Vessel
SRR24709855,,,,Basilic vein,Blood Vessel
SRR24709856,,,,Basilic vein,Blood Vessel
SRR24709857,,,,Basilic vein,Blood Vessel
SRR24709858,,,,Basilic vein,Blood Vessel
ERR1514446,,,osteocyte,,Bone - Osteocyte
ERR1514455,,,osteocyte,,Bone - Osteocyte
ERR1514466,,,osteocyte,,Bone - Osteocyte
ERR1514471,,,osteocyte,,Bone - Osteocyte
ERR1514472,,,osteocyte,,Bone - Osteocyte
ERR1514473,,,osteocyte,,Bone - Osteocyte
ERR1514474,,,osteocyte,,Bone - Osteocyte
ERR1514470,,,osteocyte,,Bone - Osteocyte
ERR2022828,,,,,Brain
SRR11927134,,,,Lateral Amygdala (human brain tissue),Brain - Amygdala
SRR11927136,,,,Lateral Amygdala (human brain tissue),Brain - Amygdala
SRR11927139,,,,Lateral Amygdala (human brain tissue),Brain - Amygdala
SRR11927143,,,,Lateral Amygdala (human brain tissue),Brain - Amygdala
SRR11927147,,,,Lateral Amygdala (human brain tissue),Brain - Amygdala
SRR11927152,,,,Lateral Amygdala (human brain tissue),Brain - Amygdala
SRR11927156,,,,Lateral Amygdala (human brain tissue),Brain - Amygdala
SRR11927158,,,,Lateral Amygdala (human brain tissue),Brain - Amygdala
SRR11927159,,,,Lateral Amygdala (human brain tissue),Brain - Amygdala
SRR11927160,,,,Lateral Amygdala (human brain tissue),Brain - Amygdala
SRR11927164,,,,Lateral Amygdala (human brain tissue),Brain - Amygdala
SRR11927132,,,,Lateral Amygdala (human brain tissue),Brain - Amygdala
SRR11927135,,,,Lateral Amygdala (human brain tissue),Brain - Amygdala
SRR11927137,,,,Lateral Amygdala (human brain tissue),Brain - Amygdala
SRR11927148,,,,Lateral Amygdala (human brain tissue),Brain - Amygdala
SRR11927149,,,,Lateral Amygdala (human brain tissue),Brain - Amygdala
SRR11927151,,,,Lateral Amygdala (human brain tissue),Brain - Amygdala
SRR11927153,,,,Lateral Amygdala (human brain tissue),Brain - Amygdala
SRR11927154,,,,Lateral Amygdala (human brain tissue),Brain - Amygdala
SRR11927157,,,,Lateral Amygdala (human brain tissue),Brain - Amygdala
SRR11927161,,,,Lateral Amygdala (human brain tissue),Brain - Amygdala
SRR11927166,,,,Lateral Amygdala (human brain tissue),Brain - Amygdala
SRR11927168,,,,Lateral Amygdala (human brain tissue),Brain - Amygdala
SRR11927169,,,,Lateral Amygdala (human brain tissue),Brain - Amygdala
SRR11927133,,,,Lateral Amygdala (human brain tissue),Brain - Amygdala
SRR11927138,,,,Lateral Amygdala (human brain tissue),Brain - Amygdala
SRR11927140,,,,Lateral Amygdala (human brain tissue),Brain - Amygdala
SRR11927141,,,,Lateral Amygdala (human brain tissue),Brain - Amygdala
SRR11927142,,,,Lateral Amygdala (human brain tissue),Brain - Amygdala
SRR11927144,,,,Lateral Amygdala (human brain tissue),Brain - Amygdala
SRR11927145,,,,Lateral Amygdala (human brain tissue),Brain - Amygdala
SRR11927146,,,,Lateral Amygdala (human brain tissue),Brain - Amygdala
SRR11927150,,,,Lateral Amygdala (human brain tissue),Brain - Amygdala
SRR11927155,,,,Lateral Amygdala (human brain tissue),Brain - Amygdala
SRR11927162,,,,Lateral Amygdala (human brain tissue),Brain - Amygdala
SRR11927163,,,,Lateral Amygdala (human brain tissue),Brain - Amygdala
SRR11927165,,,,Lateral Amygdala (human brain tissue),Brain - Amygdala
SRR11927167,,,,Lateral Amygdala (human brain tissue),Brain - Amygdala
SRR1424663,,,,,Brain - Angular Gyrus
SRR1424678,,,,,Brain - Angular Gyrus
SRR1424692,,,,,Brain - Angular Gyrus
SRR1424669,,,,,Brain - Angular Gyrus
SRR13485929,,,,Anterior Cingulate cortex (human brain tissue),Brain - Anterior cingulate cortex
SRR13485933,,,,Anterior Cingulate cortex (human brain tissue),Brain - Anterior cingulate cortex
SRR13485936,,,,Anterior Cingulate cortex (human brain tissue),Brain - Anterior cingulate cortex
SRR13485950,,,,Anterior Cingulate cortex (human brain tissue),Brain - Anterior cingulate cortex
SRR13485954,,,,Anterior Cingulate cortex (human brain tissue),Brain - Anterior cingulate cortex
SRR13485956,,,,Anterior Cingulate cortex (human brain tissue),Brain - Anterior cingulate cortex
SRR13485957,,,,Anterior Cingulate cortex (human brain tissue),Brain - Anterior cingulate cortex
SRR13485960,,,,Anterior Cingulate cortex (human brain tissue),Brain - Anterior cingulate cortex
SRR13485961,,,,Anterior Cingulate cortex (human brain tissue),Brain - Anterior cingulate cortex
SRR13485964,,,,Anterior Cingulate cortex (human brain tissue),Brain - Anterior cingulate cortex
SRR13485966,,,,Anterior Cingulate cortex (human brain tissue),Brain - Anterior cingulate cortex
SRR13485968,,,,Anterior Cingulate cortex (human brain tissue),Brain - Anterior cingulate cortex
SRR13485970,,,,Anterior Cingulate cortex (human brain tissue),Brain - Anterior cingulate cortex
SRR13485972,,,,Anterior Cingulate cortex (human brain tissue),Brain - Anterior cingulate cortex
SRR13485973,,,,Anterior Cingulate cortex (human brain tissue),Brain - Anterior cingulate cortex
SRR13485975,,,,Anterior Cingulate cortex (human brain tissue),Brain - Anterior cingulate cortex
SRR13485924,,,,Anterior Cingulate cortex (human brain tissue),Brain - Anterior cingulate cortex
SRR13485926,,,,Anterior Cingulate cortex (human brain tissue),Brain - Anterior cingulate cortex
SRR13485930,,,,Anterior Cingulate cortex (human brain tissue),Brain - Anterior cingulate cortex
SRR13485934,,,,Anterior Cingulate cortex (human brain tissue),Brain - Anterior cingulate cortex
SRR13485937,,,,Anterior Cingulate cortex (human brain tissue),Brain - Anterior cingulate cortex
SRR13485938,,,,Anterior Cingulate cortex (human brain tissue),Brain - Anterior cingulate cortex
SRR13485940,,,,Anterior Cingulate cortex (human brain tissue),Brain - Anterior cingulate cortex
SRR13485941,,,,Anterior Cingulate cortex (human brain tissue),Brain - Anterior cingulate cortex
SRR13485942,,,,Anterior Cingulate cortex (human brain tissue),Brain - Anterior cingulate cortex
SRR13485943,,,,Anterior Cingulate cortex (human brain tissue),Brain - Anterior cingulate cortex
SRR13485945,,,,Anterior Cingulate cortex (human brain tissue),Brain - Anterior cingulate cortex
SRR13485947,,,,Anterior Cingulate cortex (human brain tissue),Brain - Anterior cingulate cortex
SRR13485949,,,,Anterior Cingulate cortex (human brain tissue),Brain - Anterior cingulate cortex
SRR13485958,,,,Anterior Cingulate cortex (human brain tissue),Brain - Anterior cingulate cortex
SRR13485967,,,,Anterior Cingulate cortex (human brain tissue),Brain - Anterior cingulate cortex
SRR13485969,,,,Anterior Cingulate cortex (human brain tissue),Brain - Anterior cingulate cortex
SRR13485971,,,,Anterior Cingulate cortex (human brain tissue),Brain - Anterior cingulate cortex
SRR13485974,,,,Anterior Cingulate cortex (human brain tissue),Brain - Anterior cingulate cortex
SRR13485925,,,,Anterior Cingulate cortex (human brain tissue),Brain - Anterior cingulate cortex
SRR13485927,,,,Anterior Cingulate cortex (human brain tissue),Brain - Anterior cingulate cortex
SRR13485928,,,,Anterior Cingulate cortex (human brain tissue),Brain - Anterior cingulate cortex
SRR13485931,,,,Anterior Cingulate cortex (human brain tissue),Brain - Anterior cingulate cortex
SRR13485932,,,,Anterior Cingulate cortex (human brain tissue),Brain - Anterior cingulate cortex
SRR13485935,,,,Anterior Cingulate cortex (human brain tissue),Brain - Anterior cingulate cortex
SRR13485939,,,,Anterior Cingulate cortex (human brain tissue),Brain - Anterior cingulate cortex
SRR13485944,,,,Anterior Cingulate cortex (human brain tissue),Brain - Anterior cingulate cortex
SRR13485946,,,,Anterior Cingulate cortex (human brain tissue),Brain - Anterior cingulate cortex
SRR13485948,,,,Anterior Cingulate cortex (human brain tissue),Brain - Anterior cingulate cortex
SRR13485951,,,,Anterior Cingulate cortex (human brain tissue),Brain - Anterior cingulate cortex
SRR13485952,,,,Anterior Cingulate cortex (human brain tissue),Brain - Anterior cingulate cortex
SRR13485953,,,,Anterior Cingulate cortex (human brain tissue),Brain - Anterior cingulate cortex
SRR13485955,,,,Anterior Cingulate cortex (human brain tissue),Brain - Anterior cingulate cortex
SRR13485959,,,,Anterior Cingulate cortex (human brain tissue),Brain - Anterior cingulate cortex
SRR13485962,,,,Anterior Cingulate cortex (human brain tissue),Brain - Anterior cingulate cortex
SRR13485963,,,,Anterior Cingulate cortex (human brain tissue),Brain - Anterior cingulate cortex
SRR13485965,,,,Anterior Cingulate cortex (human brain tissue),Brain - Anterior cingulate cortex
SRR13485976,,,,Anterior Cingulate cortex (human brain tissue),Brain - Anterior cingulate cortex
SRR13485977,,,,Anterior Cingulate cortex (human brain tissue),Brain - Anterior cingulate cortex
SRR13142160,,,,Cerebellum,Brain - Cerebellum
SRR13142161,,,,Cerebellum,Brain - Cerebellum
SRR13142163,,,,Cerebellum,Brain - Cerebellum
SRR13142158,,,,Liver,Brain - Cerebellum
SRR13142162,,,,Cerebellum,Brain - Cerebellum
SRR13142164,,,,Cerebellum,Brain - Cerebellum
SRR13142165,,,,Cerebellum,Brain - Cerebellum
SRR1603662,,,,frozen postmortem brain from NICHD,Brain - Corpus Callosum
SRR1603664,,,,frozen postmortem brain from NICHD,Brain - Corpus Callosum
SRR1603665,,,,frozen postmortem brain from NICHD,Brain - Corpus Callosum
SRR1603666,,,,frozen postmortem brain from NICHD,Brain - Corpus Callosum
SRR1603667,,,,frozen postmortem brain from NICHD,Brain - Corpus Callosum
SRR1603668,,,,frozen postmortem brain from NICHD,Brain - Corpus Callosum
SRR1603671,,,,frozen postmortem brain from NICHD,Brain - Corpus Callosum
SRR1603661,,,,frozen postmortem brain from NICHD,Brain - Corpus Callosum
SRR1603663,,,,frozen postmortem brain from NICHD,Brain - Corpus Callosum
SRR1603669,,,,frozen postmortem brain from NICHD,Brain - Corpus Callosum
SRR1603670,,,,frozen postmortem brain from NICHD,Brain - Corpus Callosum
SRR1603672,,,,frozen postmortem brain from NICHD,Brain - Corpus Callosum
SRR16522641,,,,Cortex,Brain - Cortex
SRR16522644,,,,Cortex,Brain - Cortex
SRR16522666,,,,Cortex,Brain - Cortex
SRR16522668,,,,Cortex,Brain - Cortex
SRR16522669,,,,Cortex,Brain - Cortex
SRR16522670,,,,Cortex,Brain - Cortex
SRR16522642,,,,Cortex,Brain - Cortex
SRR16522646,,,,Cortex,Brain - Cortex
SRR16522665,,,,Cortex,Brain - Cortex
SRR16522667,,,,Cortex,Brain - Cortex
SRR16522643,,,,Cortex,Brain - Cortex
SRR16522645,,,,Cortex,Brain - Cortex
SRR3393494,,,,,Brain - Dorsal Striatum
SRR3393499,,,,,Brain - Dorsal Striatum
SRR3393501,,,,,Brain - Dorsal Striatum
SRR3393504,,,,,Brain - Dorsal Striatum
SRR3393508,,,,,Brain - Dorsal Striatum
SRR3393509,,,,,Brain - Dorsal Striatum
SRR3393512,,,,,Brain - Dorsal Striatum
SRR3393513,,,,,Brain - Dorsal Striatum
SRR3393514,,,,,Brain - Dorsal Striatum
SRR3393517,,,,,Brain - Dorsal Striatum
SRR3393521,,,,,Brain - Dorsal Striatum
SRR3393522,,,,,Brain - Dorsal Striatum
SRR3393523,,,,,Brain - Dorsal Striatum
SRR3393524,,,,,Brain - Dorsal Striatum
SRR3393527,,,,,Brain - Dorsal Striatum
SRR3393493,,,,,Brain - Dorsal Striatum
SRR3393495,,,,,Brain - Dorsal Striatum
SRR3393496,,,,,Brain - Dorsal Striatum
SRR3393497,,,,,Brain - Dorsal Striatum
SRR3393498,,,,,Brain - Dorsal Striatum
SRR3393503,,,,,Brain - Dorsal Striatum
SRR3393507,,,,,Brain - Dorsal Striatum
SRR3393510,,,,,Brain - Dorsal Striatum
SRR3393511,,,,,Brain - Dorsal Striatum
SRR3393515,,,,,Brain - Dorsal Striatum
SRR3393520,,,,,Brain - Dorsal Striatum
SRR3393492,,,,,Brain - Dorsal Striatum
SRR3393500,,,,,Brain - Dorsal Striatum
SRR3393502,,,,,Brain - Dorsal Striatum
SRR3393505,,,,,Brain - Dorsal Striatum
SRR3393506,,,,,Brain - Dorsal Striatum
SRR3393516,,,,,Brain - Dorsal Striatum
SRR3393518,,,,,Brain - Dorsal Striatum
SRR3393519,,,,,Brain - Dorsal Striatum
SRR3393525,,,,,Brain - Dorsal Striatum
SRR3393526,,,,,Brain - Dorsal Striatum
SRR1424668,,,,,Brain - Dorsolateral Prefrontal Cortex
SRR1424690,,,,,Brain - Dorsolateral Prefrontal Cortex
SRR1424681,,,,,Brain - Dorsolateral Prefrontal Cortex
SRR1424706,,,,,Brain - Dorsolateral Prefrontal Cortex
SRR1424659,,,,,Brain - Dorsolateral Prefrontal Cortex
SRR12582145,,,,Frontal Cortex,Brain - Frontal Cortex
SRR12582146,,,,Frontal Cortex,Brain - Frontal Cortex
SRR12582147,,,,Frontal Cortex,Brain - Frontal Cortex
SRR12582148,,,,Frontal Cortex,Brain - Frontal Cortex
SRR12582149,,,,Frontal Cortex,Brain - Frontal Cortex
SRR12582150,,,,Frontal Cortex,Brain - Frontal Cortex
SRR12582151,,,,Frontal Cortex,Brain - Frontal Cortex
SRR12582152,,,,Frontal Cortex,Brain - Frontal Cortex
ERR10851961,,,,,Brain - Frontal lobe
ERR10851962,,,,,Brain - Frontal lobe
ERR10851963,,,,,Brain - Frontal lobe
ERR10851964,,,,,Brain - Frontal lobe
ERR10851965,,,,,Brain - Frontal lobe
ERR10851966,,,,,Brain - Frontal lobe
ERR10851967,,,,,Brain - Frontal lobe
ERR10851968,,,,,Brain - Frontal lobe
ERR10851969,,,,,Brain - Frontal lobe
ERR10851970,,,,,Brain - Frontal lobe
ERR10851971,,,,,Brain - Frontal lobe
ERR10851972,,,,,Brain - Frontal lobe
ERR10851973,,,,,Brain - Frontal lobe
ERR10851974,,,,,Brain - Frontal lobe
ERR10851975,,,,,Brain - Frontal lobe
ERR10851976,,,,,Brain - Frontal lobe
SRR10192638,,,,hippocampus,Brain - Hippocampus
SRR10192639,,,,hippocampus,Brain - Hippocampus
SRR10192641,,,,hippocampus,Brain - Hippocampus
SRR10192643,,,,hippocampus,Brain - Hippocampus
SRR10192664,,,,hippocampus,Brain - Hippocampus
SRR10192668,,,,hippocampus,Brain - Hippocampus
SRR10192669,,,,hippocampus,Brain - Hippocampus
SRR10192687,,,,hippocampus,Brain - Hippocampus
SRR10192689,,,,hippocampus,Brain - Hippocampus
SRR10192692,,,,hippocampus,Brain - Hippocampus
SRR10192632,,,,hippocampus,Brain - Hippocampus
SRR10192633,,,,hippocampus,Brain - Hippocampus
SRR10192634,,,,hippocampus,Brain - Hippocampus
SRR10192636,,,,hippocampus,Brain - Hippocampus
SRR10192644,,,,hippocampus,Brain - Hippocampus
SRR10192660,,,,hippocampus,Brain - Hippocampus
SRR10192667,,,,hippocampus,Brain - Hippocampus
SRR10192670,,,,hippocampus,Brain - Hippocampus
SRR10192691,,,,hippocampus,Brain - Hippocampus
SRR10192693,,,,hippocampus,Brain - Hippocampus
SRR10192694,,,,hippocampus,Brain - Hippocampus
SRR10192635,,,,hippocampus,Brain - Hippocampus
SRR10192637,,,,hippocampus,Brain - Hippocampus
SRR10192640,,,,hippocampus,Brain - Hippocampus
SRR10192642,,,,hippocampus,Brain - Hippocampus
SRR10192658,,,,hippocampus,Brain - Hippocampus
SRR10192659,,,,hippocampus,Brain - Hippocampus
SRR10192661,,,,hippocampus,Brain - Hippocampus
SRR10192662,,,,hippocampus,Brain - Hippocampus
SRR10192663,,,,hippocampus,Brain - Hippocampus
SRR10192665,,,,hippocampus,Brain - Hippocampus
SRR10192666,,,,hippocampus,Brain - Hippocampus
SRR10192684,,,,hippocampus,Brain - Hippocampus
SRR10192685,,,,hippocampus,Brain - Hippocampus
SRR10192686,,,,hippocampus,Brain - Hippocampus
SRR10192688,,,,hippocampus,Brain - Hippocampus
SRR10192690,,,,hippocampus,Brain - Hippocampus
SRR10192695,,,,hippocampus,Brain - Hippocampus
SRR10192696,,,,hippocampus,Brain - Hippocampus
SRR16522690,,,,Hippocampus,Brain - Hippocampus
SRR16522693,,,,Hippocampus,Brain - Hippocampus
SRR16522703,,,,Hippocampus,Brain - Hippocampus
SRR16522700,,,,Hippocampus,Brain - Hippocampus
SRR16522701,,,,Hippocampus,Brain - Hippocampus
SRR16522689,,,,Hippocampus,Brain - Hippocampus
SRR16522691,,,,Hippocampus,Brain - Hippocampus
SRR16522692,,,,Hippocampus,Brain - Hippocampus
SRR16522699,,,,Hippocampus,Brain - Hippocampus
SRR16522702,,,,Hippocampus,Brain - Hippocampus
SRR1424660,,,,,Brain - Middle Frontal Gyrus
SRR1424696,,,,,Brain - Middle Frontal Gyrus
SRR1424670,,,,,Brain - Middle Frontal Gyrus
SRR1424707,,,,,Brain - Middle Frontal Gyrus
SRR1424684,,,,,Brain - Middle Frontal Gyrus
SRR1424657,,,,,Brain - Middle Temporal Gyrus
SRR1424676,,,,,Brain - Middle Temporal Gyrus
SRR1424672,,,,,Brain - Middle Temporal Gyrus
SRR1424694,,,,,Brain - Middle Temporal Gyrus
SRR1424698,,,,,Brain - Middle Temporal Gyrus
SRR1424666,,,,,Brain - Motor Cortex
SRR1424682,,,,,Brain - Motor Cortex
SRR1424664,,,,,Brain - Motor Cortex
SRR1424695,,,,,Brain - Motor Cortex
SRR19243479,,,,Occipital Lobe,Brain - Occipital Lobe
SRR19243480,,,,Occipital Lobe,Brain - Occipital Lobe
SRR19243481,,,,Occipital Lobe,Brain - Occipital Lobe
SRR19243483,,,,Occipital Lobe,Brain - Occipital Lobe
SRR19243484,,,,Occipital Lobe,Brain - Occipital Lobe
SRR19243485,,,,Occipital Lobe,Brain - Occipital Lobe
SRR19243482,,,,Occipital Lobe,Brain - Occipital Lobe
SRR19243478,,,,Occipital Lobe,Brain - Occipital Lobe
SRR1424688,,,,,Brain - Pars Opercularis
SRR1424680,,,,,Brain - Pars Opercularis
SRR1424671,,,,,Brain - Pars Opercularis
SRR1424702,,,,,Brain - Pars Opercularis
SRR1424661,,,,,Brain - Pars Opercularis
SRR1424685,,,,,Brain - Pars Orbitalis
SRR1424673,,,,,Brain - Pars Orbitalis
SRR1424658,,,,,Brain - Pars Orbitalis
SRR1424691,,,,,Brain - Pars Orbitalis
SRR1424704,,,,,Brain - Pars Orbitalis
SRR1424665,,,,,Brain - Pars Triangularis
SRR1424675,,,,,Brain - Pars Triangularis
SRR1424686,,,,,Brain - Pars Triangularis
SRR1424697,,,,,Brain - Pars Triangularis
SRR1424683,,,,,Brain - Pars Triangularis
SRR1424693,,,,,Brain - Pars Triangularis
SRR836285,,,,brain,Brain - Prefrontal Cortex
SRR836286,,,,brain,Brain - Prefrontal Cortex
SRR836288,,,,brain,Brain - Prefrontal Cortex
SRR836289,,,,brain,Brain - Prefrontal Cortex
SRR836287,,,,brain,Brain - Prefrontal Cortex
SRR2422918,,,,brain,Brain - Prefrontal Cortex
SRR2422919,,,,brain,Brain - Prefrontal Cortex
SRR2422920,,,,brain,Brain - Prefrontal Cortex
SRR2422921,,,,brain,Brain - Prefrontal Cortex
SRR2422922,,,,brain,Brain - Prefrontal Cortex
SRR2422923,,,,brain,Brain - Prefrontal Cortex
SRR2422924,,,,brain,Brain - Prefrontal Cortex
SRR2422925,,,,brain,Brain - Prefrontal Cortex
SRR12844833,,,,Iliopsoas,Brain - Spinal cord
SRR12844807,,,,Spinal Cord,Brain - Spinal cord
SRR12844808,,,,Spinal Cord,Brain - Spinal cord
SRR12844809,,,,Spinal Cord,Brain - Spinal cord
SRR12844810,,,,Spinal Cord,Brain - Spinal cord
SRR1424674,,,,,Brain - Superior Temporal Gyrus
SRR1424679,,,,,Brain - Superior Temporal Gyrus
SRR1424656,,,,,Brain - Superior Temporal Gyrus
SRR1424705,,,,,Brain - Superior Temporal Gyrus
SRR1424667,,,,,Brain - Supramarginal Gyrus
SRR1424703,,,,,Brain - Supramarginal Gyrus
SRR1424677,,,,,Brain - Supramarginal Gyrus
SRR1424687,,,,,Brain - Supramarginal Gyrus
SRR1424662,,,,,Brain - Supramarginal Gyrus
SRR23384959,,,,brain anterior temporal lobe,Brain - Temporal lobe
SRR23384960,,,,brain anterior temporal lobe,Brain - Temporal lobe
SRR23384961,,,,brain anterior temporal lobe,Brain - Temporal lobe
SRR23384962,,,,brain anterior temporal lobe,Brain - Temporal lobe
SRR23384963,,,,brain anterior temporal lobe,Brain - Temporal lobe
SRR23384964,,,,brain anterior temporal lobe,Brain - Temporal lobe
SRR23384965,,,,brain anterior temporal lobe,Brain - Temporal lobe
SRR23384966,,,,brain anterior temporal lobe,Brain - Temporal lobe
SRR21736657,,,,Brain white matter,Brain - White matter
SRR21736658,,,,Brain white matter,Brain - White matter
SRR21736654,,,,Brain white matter,Brain - White matter
SRR21736655,,,,Brain white matter,Brain - White matter
SRR21736656,,,,Brain white matter,Brain - White matter
SRR21736659,,,,Brain white matter,Brain - White matter
SRR21736653,,,,Brain white matter,Brain - White matter
ERR2022829,,,,,Breast
SRR7012371,,,,"Fresh frozen,tumor-adjacent
SRR7012369,,,,"Fresh frozen,tumor-adjacent
SRR7012370,,,,"Fresh frozen,tumor-adjacent
SRR8518132,,,,Paired normal breast tissue,Breast
SRR8518134,,,,Paired normal breast tissue,Breast
SRR8518150,,,,Paired normal breast tissue,Breast
SRR8518254,,,,Paired normal breast tissue,Breast
SRR8518259,,,,Paired normal breast tissue,Breast
SRR8518269,,,,Paired normal breast tissue,Breast
SRR8518273,,,,Paired normal breast tissue,Breast
SRR8518275,,,,Paired normal breast tissue,Breast
SRR8518278,,,,Paired normal breast tissue,Breast
SRR8518279,,,,Paired normal breast tissue,Breast
SRR8518310,,,,Paired normal breast tissue,Breast
SRR8518433,,,,Paired normal breast tissue,Breast
SRR8518434,,,,Paired normal breast tissue,Breast
SRR8518439,,,,Paired normal breast tissue,Breast
SRR8518131,,,,Paired normal breast tissue,Breast
SRR8518140,,,,Paired normal breast tissue,Breast
SRR8518147,,,,Paired normal breast tissue,Breast
SRR8518148,,,,Paired normal breast tissue,Breast
SRR8518153,,,,Paired normal breast tissue,Breast
SRR8518304,,,,Paired normal breast tissue,Breast
SRR8518341,,,,Paired normal breast tissue,Breast
SRR8518344,,,,Paired normal breast tissue,Breast
SRR8518348,,,,Paired normal breast tissue,Breast
SRR8518352,,,,Paired normal breast tissue,Breast
SRR8518358,,,,Paired normal breast tissue,Breast
SRR8518378,,,,Paired normal breast tissue,Breast
SRR8518432,,,,Paired normal breast tissue,Breast
SRR8518436,,,,Paired normal breast tissue,Breast
SRR8518446,,,,Paired normal breast tissue,Breast
SRR8518136,,,,Paired normal breast tissue,Breast
SRR8518142,,,,Paired normal breast tissue,Breast
SRR8518183,,,,Paired normal breast tissue,Breast
SRR8518206,,,,Paired normal breast tissue,Breast
SRR8518207,,,,Paired normal breast tissue,Breast
SRR8518221,,,,Paired normal breast tissue,Breast
SRR8518256,,,,Paired normal breast tissue,Breast
SRR8518267,,,,Paired normal breast tissue,Breast
SRR8518271,,,,Paired normal breast tissue,Breast
SRR8518293,,,,Paired normal breast tissue,Breast
SRR8518306,,,,Paired normal breast tissue,Breast
SRR8518309,,,,Paired normal breast tissue,Breast
SRR8518347,,,,Paired normal breast tissue,Breast
SRR8518355,,,,Paired normal breast tissue,Breast
SRR8518447,,,,Paired normal breast tissue,Breast
ERR1883110,,,ALDH- CD44- CD24+ cell,,Breast - Mammary gland
ERR1883117,,,ALDH+ cell,,Breast - Mammary gland
ERR1883118,,,ALDH+ cell,,Breast - Mammary gland
ERR1883112,,,ALDH- CD44- CD24+ cell,,Breast - Mammary gland
ERR1883113,,,ALDH- CD44+ CD24- cell,,Breast - Mammary gland
ERR1883115,,,ALDH- CD44+ CD24- cell,,Breast - Mammary gland
ERR1883111,,,ALDH- CD44- CD24+ cell,,Breast - Mammary gland
ERR1883114,,,ALDH- CD44+ CD24- cell,,Breast - Mammary gland
ERR1883116,,,ALDH+ cell,,Breast - Mammary gland
SRR22302267,,,primary fibroblast,,Cells - Cultured fibroblast
SRR22302275,,,primary fibroblast,,Cells - Cultured fibroblast
SRR22302301,,,primary fibroblast,,Cells - Cultured fibroblast
SRR22302308,,,primary fibroblast,,Cells - Cultured fibroblast
SRR22302289,,,primary fibroblast,,Cells - Cultured fibroblast
SRR22302282,,,primary fibroblast,,Cells - Cultured fibroblast
SRR22302274,,,primary fibroblast,,Cells - Cultured fibroblast
SRR22302330,,,primary fibroblast,,Cells - Cultured fibroblast
SRR22302323,,,primary fibroblast,,Cells - Cultured fibroblast
SRR22302316,,,primary fibroblast,,Cells - Cultured fibroblast
SRR11049435,,,,Skin fibroblast-derived iPSCs,Cells - Cultured fibroblasts
SRR11049439,,,,Skin fibroblast-derived iPSCs,Cells - Cultured fibroblasts
SRR11049444,,,,Skin fibroblast-derived iPSCs,Cells - Cultured fibroblasts
SRR19256841,,,primary fibroblasts,,Cells - Cultured fibroblasts
SRR19256834,,,primary fibroblasts,,Cells - Cultured fibroblasts
SRR19256827,,,primary fibroblasts,,Cells - Cultured fibroblasts
SRR23630257,,,primary skin fibroblasts,,Cells - Cultured fibroblasts
SRR23630212,,,primary skin fibroblasts,,Cells - Cultured fibroblasts
SRR23630230,,,primary skin fibroblasts,,Cells - Cultured fibroblasts
SRR23630253,,,primary skin fibroblasts,,Cells - Cultured fibroblasts
SRR23630177,,,primary skin fibroblasts,,Cells - Cultured fibroblasts
SRR23630184,,,primary skin fibroblasts,,Cells - Cultured fibroblasts
SRR23630186,,,primary skin fibroblasts,,Cells - Cultured fibroblasts
SRR23630190,,,primary skin fibroblasts,,Cells - Cultured fibroblasts
SRR23630191,,,primary skin fibroblasts,,Cells - Cultured fibroblasts
SRR23630197,,,primary skin fibroblasts,,Cells - Cultured fibroblasts
SRR23630219,,,primary skin fibroblasts,,Cells - Cultured fibroblasts
SRR23630239,,,primary skin fibroblasts,,Cells - Cultured fibroblasts
SRR23630241,,,primary skin fibroblasts,,Cells - Cultured fibroblasts
SRR23630242,,,primary skin fibroblasts,,Cells - Cultured fibroblasts
SRR23630249,,,primary skin fibroblasts,,Cells - Cultured fibroblasts
SRR23630251,,,primary skin fibroblasts,,Cells - Cultured fibroblasts
SRR23630258,,,primary skin fibroblasts,,Cells - Cultured fibroblasts
SRR23630199,,,primary skin fibroblasts,,Cells - Cultured fibroblasts
SRR23630246,,,primary skin fibroblasts,,Cells - Cultured fibroblasts
SRR23630221,,,primary skin fibroblasts,,Cells - Cultured fibroblasts
SRR23630224,,,primary skin fibroblasts,,Cells - Cultured fibroblasts
SRR23630227,,,primary skin fibroblasts,,Cells - Cultured fibroblasts
SRR23630233,,,primary skin fibroblasts,,Cells - Cultured fibroblasts
SRR23630179,,,primary skin fibroblasts,,Cells - Cultured fibroblasts
SRR23630180,,,primary skin fibroblasts,,Cells - Cultured fibroblasts
SRR23630182,,,primary skin fibroblasts,,Cells - Cultured fibroblasts
SRR23630183,,,primary skin fibroblasts,,Cells - Cultured fibroblasts
SRR23630185,,,primary skin fibroblasts,,Cells - Cultured fibroblasts
SRR23630189,,,primary skin fibroblasts,,Cells - Cultured fibroblasts
SRR23630192,,,primary skin fibroblasts,,Cells - Cultured fibroblasts
SRR23630195,,,primary skin fibroblasts,,Cells - Cultured fibroblasts
SRR23630196,,,primary skin fibroblasts,,Cells - Cultured fibroblasts
SRR23630200,,,primary skin fibroblasts,,Cells - Cultured fibroblasts
SRR23630201,,,primary skin fibroblasts,,Cells - Cultured fibroblasts
SRR23630203,,,primary skin fibroblasts,,Cells - Cultured fibroblasts
SRR23630207,,,primary skin fibroblasts,,Cells - Cultured fibroblasts
SRR23630209,,,primary skin fibroblasts,,Cells - Cultured fibroblasts
SRR23630210,,,primary skin fibroblasts,,Cells - Cultured fibroblasts
SRR23630211,,,primary skin fibroblasts,,Cells - Cultured fibroblasts
SRR23630213,,,primary skin fibroblasts,,Cells - Cultured fibroblasts
SRR23630217,,,primary skin fibroblasts,,Cells - Cultured fibroblasts
SRR23630220,,,primary skin fibroblasts,,Cells - Cultured fibroblasts
SRR23630222,,,primary skin fibroblasts,,Cells - Cultured fibroblasts
SRR23630225,,,primary skin fibroblasts,,Cells - Cultured fibroblasts
SRR23630229,,,primary skin fibroblasts,,Cells - Cultured fibroblasts
SRR23630231,,,primary skin fibroblasts,,Cells - Cultured fibroblasts
SRR23630234,,,primary skin fibroblasts,,Cells - Cultured fibroblasts
SRR23630237,,,primary skin fibroblasts,,Cells - Cultured fibroblasts
SRR23630238,,,primary skin fibroblasts,,Cells - Cultured fibroblasts
SRR23630245,,,primary skin fibroblasts,,Cells - Cultured fibroblasts
SRR23630247,,,primary skin fibroblasts,,Cells - Cultured fibroblasts
SRR23630250,,,primary skin fibroblasts,,Cells - Cultured fibroblasts
SRR23630254,,,primary skin fibroblasts,,Cells - Cultured fibroblasts
SRR23630255,,,primary skin fibroblasts,,Cells - Cultured fibroblasts
SRR23630188,,,primary skin fibroblasts,,Cells - Cultured fibroblasts
SRR23630204,,,primary skin fibroblasts,,Cells - Cultured fibroblasts
SRR23630205,,,primary skin fibroblasts,,Cells - Cultured fibroblasts
SRR23630218,,,primary skin fibroblasts,,Cells - Cultured fibroblasts
SRR23630228,,,primary skin fibroblasts,,Cells - Cultured fibroblasts
SRR23630232,,,primary skin fibroblasts,,Cells - Cultured fibroblasts
SRR23630240,,,primary skin fibroblasts,,Cells - Cultured fibroblasts
SRR23630244,,,primary skin fibroblasts,,Cells - Cultured fibroblasts
SRR23630248,,,primary skin fibroblasts,,Cells - Cultured fibroblasts
SRR23630252,,,primary skin fibroblasts,,Cells - Cultured fibroblasts
SRR23630178,,,primary skin fibroblasts,,Cells - Cultured fibroblasts
SRR23630181,,,primary skin fibroblasts,,Cells - Cultured fibroblasts
SRR23630187,,,primary skin fibroblasts,,Cells - Cultured fibroblasts
SRR23630193,,,primary skin fibroblasts,,Cells - Cultured fibroblasts
SRR23630194,,,primary skin fibroblasts,,Cells - Cultured fibroblasts
SRR23630198,,,primary skin fibroblasts,,Cells - Cultured fibroblasts
SRR23630202,,,primary skin fibroblasts,,Cells - Cultured fibroblasts
SRR23630206,,,primary skin fibroblasts,,Cells - Cultured fibroblasts
SRR23630208,,,primary skin fibroblasts,,Cells - Cultured fibroblasts
SRR23630214,,,primary skin fibroblasts,,Cells - Cultured fibroblasts
SRR23630215,,,primary skin fibroblasts,,Cells - Cultured fibroblasts
SRR23630216,,,primary skin fibroblasts,,Cells - Cultured fibroblasts
SRR23630223,,,primary skin fibroblasts,,Cells - Cultured fibroblasts
SRR23630226,,,primary skin fibroblasts,,Cells - Cultured fibroblasts
SRR23630235,,,primary skin fibroblasts,,Cells - Cultured fibroblasts
SRR23630243,,,primary skin fibroblasts,,Cells - Cultured fibroblasts
SRR23630256,,,primary skin fibroblasts,,Cells - Cultured fibroblasts
SRR23630236,,,primary skin fibroblasts,,Cells - Cultured fibroblasts
ERR2022846,,,,,Cervix
SRR13771799,,,,adjacent tissue,Cervix
SRR13771797,,,,adjacent tissue,Cervix
SRR13771795,,,,adjacent tissue,Cervix
SRR19666450,,,,"paracancerous tissue,tumor-adjacent
SRR19666460,,,,"paracancerous tissue,tumor-adjacent
SRR19666454,,,,"paracancerous tissue,tumor-adjacent
SRR19666452,,,,"paracancerous tissue,tumor-adjacent
ERR2022830,,,,,Colon
SRR5275292,,,,adjacent normal colon,Colon
SRR5275301,,,,adjacent normal colon,Colon
SRR5275305,,,,adjacent normal colon,Colon
SRR5275296,,,,adjacent normal colon,Colon
SRR13518180,,,,colon,Colon
SRR13518183,,,,colon,Colon
SRR13518185,,,,colon,Colon
SRR13518179,,,,colon,Colon
SRR13518186,,,,colon,Colon
SRR13518176,,,,colon,Colon
SRR13518177,,,,colon,Colon
SRR13518178,,,,colon,Colon
SRR13518181,,,,colon,Colon
SRR13518182,,,,colon,Colon
SRR23920429,,,,colon, intact bowel wall,Colon
SRR23920430,,,,colon, intact bowel wall,Colon
SRR23920434,,,,colon, intact bowel wall,Colon
SRR23920435,,,,colon, intact bowel wall,Colon
SRR23920437,,,,colon, intact bowel wall,Colon
SRR23920439,,,,colon, intact bowel wall,Colon
SRR23920432,,,,colon, intact bowel wall,Colon
SRR23920433,,,,colon, intact bowel wall,Colon
SRR23920440,,,,colon, intact bowel wall,Colon
SRR23920441,,,,colon, intact bowel wall,Colon
SRR23920443,,,,colon, intact bowel wall,Colon
SRR23920431,,,,colon, intact bowel wall,Colon
SRR23920436,,,,colon, intact bowel wall,Colon
SRR23920438,,,,colon, intact bowel wall,Colon
SRR23920442,,,,colon, intact bowel wall,Colon
SRR5275294,,,,normal colonic crypt,Colon - Crypt of Lieberkühn
SRR5275288,,,,normal colonic crypt,Colon - Crypt of Lieberkühn
SRR5275314,,,,normal colonic crypt,Colon - Crypt of Lieberkühn
SRR5275312,,,,normal colonic crypt,Colon - Crypt of Lieberkühn
SRR26436584,,,,Colon, whole mucosa,Colon, Mucosa
SRR26436577,,,,Colon, whole mucosa,Colon, Mucosa
SRR26436578,,,,Colon, whole mucosa,Colon, Mucosa
SRR26436581,,,,Colon, whole mucosa,Colon, Mucosa
SRR26436582,,,,Colon, whole mucosa,Colon, Mucosa
SRR26436586,,,,Colon, whole mucosa,Colon, Mucosa
SRR26436579,,,,Colon, whole mucosa,Colon, Mucosa
SRR26436580,,,,Colon, whole mucosa,Colon, Mucosa
SRR26436583,,,,Colon, whole mucosa,Colon, Mucosa
SRR26436585,,,,Colon, whole mucosa,Colon, Mucosa
SRR11812157,,,,sigmoidal colon,Colon, Sigmoid colon
SRR11812191,,,,sigmoidal colon,Colon, Sigmoid colon
SRR11812195,,,,sigmoidal colon,Colon, Sigmoid colon
SRR11812196,,,,sigmoidal colon,Colon, Sigmoid colon
SRR11812198,,,,sigmoidal colon,Colon, Sigmoid colon
SRR11812184,,,,sigmoidal colon,Colon, Sigmoid colon
SRR11812185,,,,sigmoidal colon,Colon, Sigmoid colon
SRR11812186,,,,sigmoidal colon,Colon, Sigmoid colon
SRR11812188,,,,sigmoidal colon,Colon, Sigmoid colon
SRR11812193,,,,sigmoidal colon,Colon, Sigmoid colon
SRR11812194,,,,sigmoidal colon,Colon, Sigmoid colon
SRR11812187,,,,sigmoidal colon,Colon, Sigmoid colon
SRR11812189,,,,sigmoidal colon,Colon, Sigmoid colon
SRR11812190,,,,sigmoidal colon,Colon, Sigmoid colon
SRR11812192,,,,sigmoidal colon,Colon, Sigmoid colon
SRR11812197,,,,sigmoidal colon,Colon, Sigmoid colon
ERR1514448,,,chondrocyte,,Connective Tissue - Chondrocyte
ERR1514450,,,chondrocyte,,Connective Tissue - Chondrocyte
ERR1514475,,,chondrocyte,,Connective Tissue - Chondrocyte
ERR1514449,,,chondrocyte,,Connective Tissue - Chondrocyte
ERR1514447,,,chondrocyte,,Connective Tissue - Chondrocyte
ERR1514451,,,chondrocyte,,Connective Tissue - Chondrocyte
ERR1514462,,,mesenchymal stem cell,,Connective Tissue - Mesenchymal stem cell
ERR1514464,,,mesenchymal stem cell,,Connective Tissue - Mesenchymal stem cell
ERR1514467,,,mesenchymal stem cell,,Connective Tissue - Mesenchymal stem cell
ERR1514468,,,mesenchymal stem cell,,Connective Tissue - Mesenchymal stem cell
ERR1514461,,,mesenchymal stem cell,,Connective Tissue - Mesenchymal stem cell
ERR1514465,,,mesenchymal stem cell,,Connective Tissue - Mesenchymal stem cell
ERR1514469,,,mesenchymal stem cell,,Connective Tissue - Mesenchymal stem cell
ERR1514463,,,mesenchymal stem cell,,Connective Tissue - Mesenchymal stem cell
ERR2022831,,,,,Esophagus
SRR7030493,,,,,Esophagus
SRR7030494,,,,,Esophagus
SRR7030495,,,,,Esophagus
SRR7030496,,,,,Esophagus
SRR7030497,,,,,Esophagus
SRR7030498,,,,,Esophagus
SRR7030499,,,,,Esophagus
SRR7030500,,,,,Esophagus
SRR7030501,,,,,Esophagus
SRR7030502,,,,,Esophagus
SRR10173249,,,,ESCC,Esophagus
SRR10173251,,,,ESCC,Esophagus
SRR10173255,,,,ESCC,Esophagus
SRR10173259,,,,ESCC,Esophagus
SRR10173263,,,,ESCC,Esophagus
SRR10173253,,,,ESCC,Esophagus
SRR10173257,,,,ESCC,Esophagus
SRR10173261,,,,ESCC,Esophagus
SRR10173245,,,,ESCC,Esophagus
SRR10173247,,,,ESCC,Esophagus
SRR8931999,,,,ESCC,Esophagus
SRR8931993,,,,ESCC,Esophagus
SRR8931997,,,,ESCC,Esophagus
SRR8932003,,,,ESCC,Esophagus
SRR8932007,,,,ESCC,Esophagus
SRR8932009,,,,ESCC,Esophagus
SRR8932011,,,,ESCC,Esophagus
SRR8931987,,,,ESCC,Esophagus
SRR8931989,,,,ESCC,Esophagus
SRR8931991,,,,ESCC,Esophagus
SRR8931995,,,,ESCC,Esophagus
SRR8932001,,,,ESCC,Esophagus
SRR8932005,,,,ESCC,Esophagus
SRR5591601,,,,Peripheral RPE-Choroid-Sclera,Eye
SRR5591604,,,,Peripheral RPE-Choroid-Sclera,Eye
SRR5591606,,,,Peripheral RPE-Choroid-Sclera,Eye
SRR5591608,,,,Peripheral RPE-Choroid-Sclera,Eye
SRR5591610,,,,Peripheral RPE-Choroid-Sclera,Eye
SRR5591600,,,,Peripheral RPE-Choroid-Sclera,Eye
SRR5591605,,,,Peripheral RPE-Choroid-Sclera,Eye
SRR5591609,,,,Peripheral RPE-Choroid-Sclera,Eye
SRR3170102,,,,cornea,Eye - Cornea
SRR3170107,,,,cornea,Eye - Cornea
SRR3170110,,,,cornea,Eye - Cornea
SRR3170113,,,,cornea,Eye - Cornea
SRR3170119,,,,cornea,Eye - Cornea
SRR3170123,,,,cornea,Eye - Cornea
SRR3170127,,,,cornea,Eye - Cornea
SRR3170130,,,,cornea,Eye - Cornea
SRR3170178,,,,cornea,Eye - Cornea
SRR3170179,,,,cornea,Eye - Cornea
SRR3170180,,,,cornea,Eye - Cornea
SRR3170181,,,,cornea,Eye - Cornea
SRR3170182,,,,cornea,Eye - Cornea
SRR3170183,,,,cornea,Eye - Cornea
SRR3170187,,,,cornea,Eye - Cornea
SRR3170191,,,,cornea,Eye - Cornea
SRR3170192,,,,cornea,Eye - Cornea
SRR3170195,,,,cornea,Eye - Cornea
SRR3170198,,,,cornea,Eye - Cornea
SRR3170201,,,,cornea,Eye - Cornea
SRR3170202,,,,cornea,Eye - Cornea
SRR3170203,,,,cornea,Eye - Cornea
SRR3170204,,,,cornea,Eye - Cornea
SRR3170205,,,,cornea,Eye - Cornea
SRR3170206,,,,cornea,Eye - Cornea
SRR5591599,,,,Peripheral Retina,Eye - Retina
SRR5591602,,,,Peripheral Retina,Eye - Retina
SRR5591612,,,,Peripheral Retina,Eye - Retina
SRR5591603,,,,Peripheral Retina,Eye - Retina
SRR5591607,,,,Peripheral Retina,Eye - Retina
SRR5591611,,,,Peripheral Retina,Eye - Retina
SRR5591613,,,,Peripheral Retina,Eye - Retina
SRR12817265,,,,,Eye - Retina
SRR12817261,,,,,Eye - Retina
SRR12817264,,,,,Eye - Retina
SRR12817267,,,,,Eye - Retina
SRR12817268,,,,,Eye - Retina
SRR12817271,,,,,Eye - Retina
SRR12817272,,,,,Eye - Retina
SRR12817273,,,,,Eye - Retina
SRR12817262,,,,,Eye - Retina
SRR12817263,,,,,Eye - Retina
SRR12817266,,,,,Eye - Retina
SRR12817269,,,,,Eye - Retina
SRR12817270,,,,,Eye - Retina
SRR21161027,,,,adjacent tissues,Eye - Uvea
SRR21161029,,,,adjacent tissues,Eye - Uvea
SRR21161028,,,,adjacent tissues,Eye - Uvea
SRR7167722,,,,normal fallopian tube brushings,Fallopian Tube
SRR7167720,,,,normal fallopian tube brushings,Fallopian Tube
SRR7167721,,,,normal fallopian tube brushings,Fallopian Tube
DRR253279,,,,gallbladder mucosa,Gallbladder - Mucosa
DRR253281,,,,gallbladder mucosa,Gallbladder - Mucosa
DRR253278,,,,gallbladder mucosa,Gallbladder - Mucosa
DRR253280,,,,gallbladder mucosa,Gallbladder - Mucosa
ERR2022832,,,,,Heart
SRR915764,,,,heart,Heart
SRR915773,,,,heart,Heart
SRR915774,,,,heart,Heart
SRR915775,,,,heart,Heart
SRR915776,,,,heart,Heart
SRR915777,,,,heart,Heart
SRR915778,,,,heart,Heart
SRR915765,,,,heart,Heart
SRR915766,,,,heart,Heart
SRR915767,,,,heart,Heart
SRR915768,,,,heart,Heart
SRR915769,,,,heart,Heart
SRR915770,,,,heart,Heart
SRR915771,,,,heart,Heart
SRR915772,,,,heart,Heart
SRR1721284,,,,,Heart
SRR1721285,,,,,Heart
SRR1721286,,,,,Heart
SRR1721287,,,,,Heart
SRR1721288,,,,,Heart
SRR1721289,,,,,Heart
SRR1721290,,,,,Heart
SRR4240763,,,,Heart,Heart
SRR4240761,,,,Heart,Heart
SRR4240762,,,,Heart,Heart
SRR14362349,,,,Heart (Atrial Appendage),Heart - Atrial appendage
SRR14362353,,,,Heart (Atrial Appendage),Heart - Atrial appendage
SRR14362354,,,,Heart (Atrial Appendage),Heart - Atrial appendage
SRR14362355,,,,Heart (Atrial Appendage),Heart - Atrial appendage
SRR14362358,,,,Heart (Atrial Appendage),Heart - Atrial appendage
SRR14362360,,,,Heart (Atrial Appendage),Heart - Atrial appendage
SRR14362363,,,,Heart (Atrial Appendage),Heart - Atrial appendage
SRR14362366,,,,Heart (Atrial Appendage),Heart - Atrial appendage
SRR14362372,,,,Heart (Atrial Appendage),Heart - Atrial appendage
SRR14362376,,,,Heart (Atrial Appendage),Heart - Atrial appendage
SRR14362378,,,,Heart (Atrial Appendage),Heart - Atrial appendage
SRR14362382,,,,Heart (Atrial Appendage),Heart - Atrial appendage
SRR14362389,,,,Heart (Atrial Appendage),Heart - Atrial appendage
SRR14362390,,,,Heart (Atrial Appendage),Heart - Atrial appendage
SRR14362345,,,,Heart (Atrial Appendage),Heart - Atrial appendage
SRR14362348,,,,Heart (Atrial Appendage),Heart - Atrial appendage
SRR14362351,,,,Heart (Atrial Appendage),Heart - Atrial appendage
SRR14362352,,,,Heart (Atrial Appendage),Heart - Atrial appendage
SRR14362361,,,,Heart (Atrial Appendage),Heart - Atrial appendage
SRR14362367,,,,Heart (Atrial Appendage),Heart - Atrial appendage
SRR14362368,,,,Heart (Atrial Appendage),Heart - Atrial appendage
SRR14362370,,,,Heart (Atrial Appendage),Heart - Atrial appendage
SRR14362375,,,,Heart (Atrial Appendage),Heart - Atrial appendage
SRR14362379,,,,Heart (Atrial Appendage),Heart - Atrial appendage
SRR14362381,,,,Heart (Atrial Appendage),Heart - Atrial appendage
SRR14362384,,,,Heart (Atrial Appendage),Heart - Atrial appendage
SRR14362385,,,,Heart (Atrial Appendage),Heart - Atrial appendage
SRR14362386,,,,Heart (Atrial Appendage),Heart - Atrial appendage
SRR14362387,,,,Heart (Atrial Appendage),Heart - Atrial appendage
SRR14362388,,,,Heart (Atrial Appendage),Heart - Atrial appendage
SRR14362346,,,,Heart (Atrial Appendage),Heart - Atrial appendage
SRR14362347,,,,Heart (Atrial Appendage),Heart - Atrial appendage
SRR14362350,,,,Heart (Atrial Appendage),Heart - Atrial appendage
SRR14362356,,,,Heart (Atrial Appendage),Heart - Atrial appendage
SRR14362357,,,,Heart (Atrial Appendage),Heart - Atrial appendage
SRR14362359,,,,Heart (Atrial Appendage),Heart - Atrial appendage
SRR14362362,,,,Heart (Atrial Appendage),Heart - Atrial appendage
SRR14362364,,,,Heart (Atrial Appendage),Heart - Atrial appendage
SRR14362365,,,,Heart (Atrial Appendage),Heart - Atrial appendage
SRR14362369,,,,Heart (Atrial Appendage),Heart - Atrial appendage
SRR14362371,,,,Heart (Atrial Appendage),Heart - Atrial appendage
SRR14362373,,,,Heart (Atrial Appendage),Heart - Atrial appendage
SRR14362374,,,,Heart (Atrial Appendage),Heart - Atrial appendage
SRR14362377,,,,Heart (Atrial Appendage),Heart - Atrial appendage
SRR14362380,,,,Heart (Atrial Appendage),Heart - Atrial appendage
SRR14362383,,,,Heart (Atrial Appendage),Heart - Atrial appendage
ERR2022833,,,,,Kidney
SRR1721298,,,,,Kidney
SRR1721299,,,,,Kidney
SRR1721300,,,,,Kidney
SRR10691658,,,,,Kidney
SRR10691659,,,,,Kidney
SRR10691660,,,,,Kidney
SRR10691661,,,,,Kidney
SRR10691662,,,,,Kidney
SRR10691663,,,,,Kidney
SRR10691664,,,,,Kidney
SRR10691665,,,,,Kidney
SRR10691666,,,,,Kidney
SRR12565025,,,,,Kidney
SRR12565026,,,,,Kidney
SRR12565024,,,,,Kidney
DRR326898,,,,,Liver
DRR326902,,,,,Liver
DRR326890,,,,,Liver
DRR326892,,,,,Liver
DRR326894,,,,,Liver
DRR326896,,,,,Liver
DRR326906,,,,,Liver
DRR326888,,,,,Liver
DRR326900,,,,,Liver
DRR326904,,,,,Liver
ERR2022834,,,,,Liver
SRR3621769,,,,liver,Liver
SRR3621774,,,,liver,Liver
SRR3621766,,,,liver,Liver
SRR3621790,,,,liver,Liver
SRR3621770,,,,liver,Liver
SRR3621778,,,,liver,Liver
SRR3621796,,,,liver,Liver
SRR3621806,,,,liver,Liver
SRR3621762,,,,liver,Liver
SRR3621767,,,,liver,Liver
SRR3621780,,,,liver,Liver
SRR3621802,,,,liver,Liver
SRR3621782,,,,liver,Liver
SRR3621786,,,,liver,Liver
SRR3621792,,,,liver,Liver
SRR11547378,,,,Liver tissue,Liver
SRR11547379,,,,Liver tissue,Liver
SRR11547380,,,,Liver tissue,Liver
SRR11547389,,,,Liver tissue,Liver
SRR11547393,,,,Liver tissue,Liver
SRR11547396,,,,Liver tissue,Liver
SRR11547397,,,,Liver tissue,Liver
SRR11547398,,,,Liver tissue,Liver
SRR11547402,,,,Liver tissue,Liver
SRR11547404,,,,Liver tissue,Liver
SRR11547407,,,,Liver tissue,Liver
SRR11547412,,,,Liver tissue,Liver
SRR11547420,,,,Liver tissue,Liver
SRR11547421,,,,Liver tissue,Liver
SRR11547422,,,,Liver tissue,Liver
SRR11547423,,,,Liver tissue,Liver
SRR11547433,,,,Liver tissue,Liver
SRR11547434,,,,Liver tissue,Liver
SRR11547435,,,,Liver tissue,Liver
SRR11547438,,,,Liver tissue,Liver
SRR11547439,,,,Liver tissue,Liver
SRR11547377,,,,Liver tissue,Liver
SRR11547383,,,,Liver tissue,Liver
SRR11547384,,,,Liver tissue,Liver
SRR11547385,,,,Liver tissue,Liver
SRR11547386,,,,Liver tissue,Liver
SRR11547387,,,,Liver tissue,Liver
SRR11547388,,,,Liver tissue,Liver
SRR11547401,,,,Liver tissue,Liver
SRR11547403,,,,Liver tissue,Liver
SRR11547405,,,,Liver tissue,Liver
SRR11547408,,,,Liver tissue,Liver
SRR13142159,,,,Liver,Liver
SRR14027918,,,,Adjacent tissue,Liver
SRR14027938,,,,Adjacent tissue,Liver
SRR14027944,,,,Adjacent tissue,Liver
SRR14027946,,,,Adjacent tissue,Liver
SRR14027920,,,,Adjacent tissue,Liver
SRR14027922,,,,Adjacent tissue,Liver
SRR14027924,,,,Adjacent tissue,Liver
SRR14027930,,,,Adjacent tissue,Liver
SRR14027934,,,,Adjacent tissue,Liver
SRR14027936,,,,Adjacent tissue,Liver
SRR14027942,,,,Adjacent tissue,Liver
SRR14027926,,,,Adjacent tissue,Liver
SRR14027928,,,,Adjacent tissue,Liver
SRR14027932,,,,Adjacent tissue,Liver
SRR14027940,,,,Adjacent tissue,Liver
SRR14027948,,,,Adjacent tissue,Liver
SRR14027950,,,,Adjacent tissue,Liver
SRR15013462,,,,liver,Liver
SRR15013465,,,,liver,Liver
SRR15013471,,,,liver,Liver
SRR15013475,,,,liver,Liver
SRR15013477,,,,liver,Liver
SRR15013481,,,,liver,Liver
SRR15013484,,,,liver,Liver
SRR15013485,,,,liver,Liver
SRR15013486,,,,liver,Liver
SRR15013493,,,,liver,Liver
SRR15013494,,,,liver,Liver
SRR15013500,,,,liver,Liver
SRR15013501,,,,liver,Liver
SRR15013504,,,,liver,Liver
SRR15013505,,,,liver,Liver
SRR15013508,,,,liver,Liver
SRR15013510,,,,liver,Liver
SRR15013511,,,,liver,Liver
SRR15013514,,,,liver,Liver
SRR15013522,,,,liver,Liver
SRR15013523,,,,liver,Liver
SRR15013525,,,,liver,Liver
SRR15013529,,,,liver,Liver
SRR15013531,,,,liver,Liver
SRR15013536,,,,liver,Liver
SRR15013538,,,,liver,Liver
SRR15013539,,,,liver,Liver
SRR15013542,,,,liver,Liver
SRR15013544,,,,liver,Liver
SRR15013545,,,,liver,Liver
SRR15013546,,,,liver,Liver
SRR15013550,,,,liver,Liver
SRR15013551,,,,liver,Liver
SRR15013552,,,,liver,Liver
SRR15013557,,,,liver,Liver
SRR15013559,,,,liver,Liver
SRR15013561,,,,liver,Liver
SRR15013569,,,,liver,Liver
SRR15013574,,,,liver,Liver
SRR15013578,,,,liver,Liver
SRR15013584,,,,liver,Liver
SRR15013594,,,,liver,Liver
SRR15013600,,,,liver,Liver
SRR15013601,,,,liver,Liver
SRR15013603,,,,liver,Liver
SRR15013604,,,,liver,Liver
SRR15013605,,,,liver,Liver
SRR15013607,,,,liver,Liver
SRR15013610,,,,liver,Liver
SRR15013613,,,,liver,Liver
SRR15013622,,,,liver,Liver
SRR15013623,,,,liver,Liver
SRR15013627,,,,liver,Liver
SRR15013634,,,,liver,Liver
SRR15013636,,,,liver,Liver
SRR15013640,,,,liver,Liver
SRR15013641,,,,liver,Liver
SRR15013642,,,,liver,Liver
SRR15013646,,,,liver,Liver
SRR15013649,,,,liver,Liver
SRR15013652,,,,liver,Liver
SRR15013655,,,,liver,Liver
SRR15013660,,,,liver,Liver
SRR15013663,,,,liver,Liver
SRR15013666,,,,liver,Liver
SRR15013670,,,,liver,Liver
SRR15013678,,,,liver,Liver
SRR15013680,,,,liver,Liver
SRR15013681,,,,liver,Liver
SRR15013683,,,,liver,Liver
SRR15013685,,,,liver,Liver
SRR15013686,,,,liver,Liver
SRR15013479,,,,liver,Liver
SRR15013488,,,,liver,Liver
SRR15013503,,,,liver,Liver
SRR15013513,,,,liver,Liver
SRR15013521,,,,liver,Liver
SRR15013553,,,,liver,Liver
SRR15013564,,,,liver,Liver
SRR15013565,,,,liver,Liver
SRR15013597,,,,liver,Liver
SRR15013598,,,,liver,Liver
SRR15013599,,,,liver,Liver
SRR15013609,,,,liver,Liver
SRR15013618,,,,liver,Liver
SRR15013620,,,,liver,Liver
SRR15013621,,,,liver,Liver
SRR15013629,,,,liver,Liver
SRR15013631,,,,liver,Liver
SRR15013632,,,,liver,Liver
SRR15013639,,,,liver,Liver
SRR15013643,,,,liver,Liver
SRR15013653,,,,liver,Liver
SRR15013669,,,,liver,Liver
SRR15013671,,,,liver,Liver
SRR15013677,,,,liver,Liver
SRR15013463,,,,liver,Liver
SRR15013472,,,,liver,Liver
SRR15013474,,,,liver,Liver
SRR15013480,,,,liver,Liver
SRR15013483,,,,liver,Liver
SRR15013489,,,,liver,Liver
SRR15013490,,,,liver,Liver
SRR15013499,,,,liver,Liver
SRR15013502,,,,liver,Liver
SRR15013509,,,,liver,Liver
SRR15013516,,,,liver,Liver
SRR15013520,,,,liver,Liver
SRR15013526,,,,liver,Liver
SRR15013527,,,,liver,Liver
SRR15013528,,,,liver,Liver
SRR15013533,,,,liver,Liver
SRR15013537,,,,liver,Liver
SRR15013543,,,,liver,Liver
SRR15013547,,,,liver,Liver
SRR15013549,,,,liver,Liver
SRR15013555,,,,liver,Liver
SRR15013580,,,,liver,Liver
SRR15013581,,,,liver,Liver
SRR15013585,,,,liver,Liver
SRR15013587,,,,liver,Liver
SRR15013588,,,,liver,Liver
SRR15013591,,,,liver,Liver
SRR15013602,,,,liver,Liver
SRR15013611,,,,liver,Liver
SRR15013624,,,,liver,Liver
SRR15013625,,,,liver,Liver
SRR15013644,,,,liver,Liver
SRR15013651,,,,liver,Liver
SRR15013675,,,,liver,Liver
SRR15013679,,,,liver,Liver
SRR15013473,,,,liver,Liver
SRR15013496,,,,liver,Liver
SRR15013507,,,,liver,Liver
SRR15013524,,,,liver,Liver
SRR15013558,,,,liver,Liver
SRR15013560,,,,liver,Liver
SRR15013572,,,,liver,Liver
SRR15013573,,,,liver,Liver
SRR15013593,,,,liver,Liver
SRR15013595,,,,liver,Liver
SRR15013608,,,,liver,Liver
SRR15013612,,,,liver,Liver
SRR15013614,,,,liver,Liver
SRR15013619,,,,liver,Liver
SRR15013628,,,,liver,Liver
SRR15013633,,,,liver,Liver
SRR15013635,,,,liver,Liver
SRR15013637,,,,liver,Liver
SRR15013638,,,,liver,Liver
SRR15013645,,,,liver,Liver
SRR15013647,,,,liver,Liver
SRR15013648,,,,liver,Liver
SRR15013656,,,,liver,Liver
SRR15013657,,,,liver,Liver
SRR15013659,,,,liver,Liver
SRR15013674,,,,liver,Liver
SRR15013676,,,,liver,Liver
SRR15013682,,,,liver,Liver
SRR15013466,,,,liver,Liver
SRR15013468,,,,liver,Liver
SRR15013470,,,,liver,Liver
SRR15013491,,,,liver,Liver
SRR15013495,,,,liver,Liver
SRR15013498,,,,liver,Liver
SRR15013506,,,,liver,Liver
SRR15013518,,,,liver,Liver
SRR15013535,,,,liver,Liver
SRR15013554,,,,liver,Liver
SRR15013570,,,,liver,Liver
SRR15013571,,,,liver,Liver
SRR15013576,,,,liver,Liver
SRR15013577,,,,liver,Liver
SRR15013579,,,,liver,Liver
SRR15013589,,,,liver,Liver
SRR15013596,,,,liver,Liver
SRR15013617,,,,liver,Liver
SRR15013626,,,,liver,Liver
SRR15013630,,,,liver,Liver
SRR15013650,,,,liver,Liver
SRR15013654,,,,liver,Liver
SRR15013658,,,,liver,Liver
SRR15013661,,,,liver,Liver
SRR15013664,,,,liver,Liver
SRR15013665,,,,liver,Liver
SRR15013667,,,,liver,Liver
SRR15013668,,,,liver,Liver
SRR15013672,,,,liver,Liver
SRR15013673,,,,liver,Liver
SRR15013476,,,,liver,Liver
SRR15013478,,,,liver,Liver
SRR15013482,,,,liver,Liver
SRR15013487,,,,liver,Liver
SRR15013662,,,,liver,Liver
SRR15013684,,,,liver,Liver
SRR15013464,,,,liver,Liver
SRR15013467,,,,liver,Liver
SRR15013492,,,,liver,Liver
SRR15013512,,,,liver,Liver
SRR15013541,,,,liver,Liver
SRR15013548,,,,liver,Liver
SRR15013563,,,,liver,Liver
SRR15013567,,,,liver,Liver
SRR15013575,,,,liver,Liver
SRR15013583,,,,liver,Liver
SRR15013590,,,,liver,Liver
SRR15013606,,,,liver,Liver
SRR15013616,,,,liver,Liver
SRR15013469,,,,liver,Liver
SRR15013497,,,,liver,Liver
SRR15013556,,,,liver,Liver
SRR15013562,,,,liver,Liver
SRR15013566,,,,liver,Liver
SRR15013568,,,,liver,Liver
SRR15013582,,,,liver,Liver
SRR15013586,,,,liver,Liver
SRR15013592,,,,liver,Liver
SRR15013615,,,,liver,Liver
ERR2022835,,,,,Lung
SRR1721301,,,,,Lung
SRR1721302,,,,,Lung
SRR1721303,,,,,Lung
SRR1721304,,,,,Lung
SRR1721305,,,,,Lung
SRR1721306,,,,,Lung
SRR12743479,,,,,Lung
SRR12743483,,,,,Lung
SRR12743486,,,,,Lung
SRR12743487,,,,,Lung
SRR12743480,,,,,Lung
SRR12743482,,,,,Lung
SRR12743481,,,,,Lung
SRR12743484,,,,,Lung
SRR12743485,,,,,Lung
SRR12743488,,,,,Lung
SRR18572047,,,,lung,Lung
SRR18572048,,,,lung,Lung
SRR18572049,,,,lung,Lung
SRR18572050,,,,lung,Lung
SRR18572051,,,,lung,Lung
SRR18572052,,,,lung,Lung
SRR18572053,,,,lung,Lung
SRR18572054,,,,lung,Lung
SRR18572055,,,,lung,Lung
SRR18572056,,,,lung,Lung
SRR18572057,,,,lung,Lung
SRR18572058,,,,lung,Lung
SRR18572059,,,,lung,Lung
SRR18572060,,,,lung,Lung
SRR18572061,,,,lung,Lung
SRR18572062,,,,lung,Lung
SRR19779075,,,,lung,Lung
SRR19779072,,,,lung,Lung
SRR19779071,,,,lung,Lung
SRR19779073,,,,lung,Lung
SRR19779074,,,,lung,Lung
ERR5285490,,,,,Mouth
ERR5285523,,,,,Mouth
ERR5285526,,,,,Mouth
ERR5285538,,,,,Mouth
ERR5285541,,,,,Mouth
ERR5285547,,,,,Mouth
ERR5285556,,,,,Mouth
ERR5285559,,,,,Mouth
ERR5285493,,,,,Mouth
ERR5285496,,,,,Mouth
ERR5285499,,,,,Mouth
ERR5285514,,,,,Mouth
ERR5285517,,,,,Mouth
ERR5285535,,,,,Mouth
ERR5285544,,,,,Mouth
ERR5285550,,,,,Mouth
ERR5285553,,,,,Mouth
ERR5285487,,,,,Mouth
ERR5285502,,,,,Mouth
ERR5285505,,,,,Mouth
ERR5285508,,,,,Mouth
ERR5285511,,,,,Mouth
ERR5285520,,,,,Mouth
ERR5285529,,,,,Mouth
ERR5285532,,,,,Mouth
SRR12446886,,,,gingiva,Mouth - Gingiva
SRR16013047,,,,oral mucosa,Mouth - Mucosa
SRR16013049,,,,oral mucosa,Mouth - Mucosa
SRR16013051,,,,oral mucosa,Mouth - Mucosa
SRR16013053,,,,oral mucosa,Mouth - Mucosa
SRR16013055,,,,oral mucosa,Mouth - Mucosa
SRR16013057,,,,oral mucosa,Mouth - Mucosa
SRR16013058,,,,oral mucosa,Mouth - Mucosa
SRR16013060,,,,oral mucosa,Mouth - Mucosa
SRR16013062,,,,oral mucosa,Mouth - Mucosa
SRR16013063,,,,oral mucosa,Mouth - Mucosa
SRR16013066,,,,oral mucosa,Mouth - Mucosa
SRR16013068,,,,oral mucosa,Mouth - Mucosa
SRR16013069,,,,oral mucosa,Mouth - Mucosa
SRR16013071,,,,oral mucosa,Mouth - Mucosa
SRR16013076,,,,oral mucosa,Mouth - Mucosa
SRR16013077,,,,oral mucosa,Mouth - Mucosa
SRR16013081,,,,oral mucosa,Mouth - Mucosa
SRR16013085,,,,oral mucosa,Mouth - Mucosa
SRR16013087,,,,oral mucosa,Mouth - Mucosa
SRR16013089,,,,oral mucosa,Mouth - Mucosa
SRR12446897,,,,tongue,Mouth - Tongue
SRR12446898,,,,tongue,Mouth - Tongue
SRR12446899,,,,tongue,Mouth - Tongue
SRR26974282,,,,muscle,Muscle
SRR26974284,,,,muscle,Muscle
SRR26974283,,,,muscle,Muscle
SRR12844828,,,,Diaphragm,Muscle - Diaphragm
SRR12844830,,,,Diaphragm,Muscle - Diaphragm
SRR12844832,,,,Diaphragm,Muscle - Diaphragm
SRR12844829,,,,Iliopsoas,Muscle - Ilioposas
SRR12844831,,,,Iliopsoas,Muscle - Ilioposas
ERR2022838,,,,,Muscle - Skeletal
SRR4240780,,,,Quadriceps muscle,Muscle - Skeletal
SRR4240776,,,,Quadriceps muscle,Muscle - Skeletal
SRR4240781,,,,Quadriceps muscle,Muscle - Skeletal
SRR4240783,,,,Quadriceps muscle,Muscle - Skeletal
SRR4240784,,,,Quadriceps muscle,Muscle - Skeletal
SRR4240777,,,,Quadriceps muscle,Muscle - Skeletal
SRR4240778,,,,Quadriceps muscle,Muscle - Skeletal
SRR4240779,,,,Quadriceps muscle,Muscle - Skeletal
SRR4240782,,,,Quadriceps muscle,Muscle - Skeletal
SRR4240785,,,,Quadriceps muscle,Muscle - Skeletal
SRR4240786,,,,Quadriceps muscle,Muscle - Skeletal
SRR4240787,,,,Quadriceps muscle,Muscle - Skeletal
SRR4240814,,,,Tibialis anterior muscle,Muscle - Skeletal
SRR4240818,,,,Tibialis anterior muscle,Muscle - Skeletal
SRR4240819,,,,Tibialis anterior muscle,Muscle - Skeletal
SRR4240820,,,,Tibialis anterior muscle,Muscle - Skeletal
SRR4240815,,,,Tibialis anterior muscle,Muscle - Skeletal
SRR4240812,,,,Tibialis anterior muscle,Muscle - Skeletal
SRR4240813,,,,Tibialis anterior muscle,Muscle - Skeletal
SRR4240816,,,,Tibialis anterior muscle,Muscle - Skeletal
SRR4240817,,,,Tibialis anterior muscle,Muscle - Skeletal
SRR4240821,,,,Tibialis anterior muscle,Muscle - Skeletal
SRR4240822,,,,Tibialis anterior muscle,Muscle - Skeletal
SRR4240870,,,,Tricep muscle,Muscle - Skeletal
SRR19095697,,,,Vastus Lateralis,Muscle - Skeletal
SRR19095698,,,,Vastus Lateralis,Muscle - Skeletal
SRR19095722,,,,Vastus Lateralis,Muscle - Skeletal
SRR19095724,,,,Vastus Lateralis,Muscle - Skeletal
SRR19095736,,,,Vastus Lateralis,Muscle - Skeletal
SRR19095740,,,,Vastus Lateralis,Muscle - Skeletal
SRR19095757,,,,Vastus Lateralis,Muscle - Skeletal
SRR19095764,,,,Vastus Lateralis,Muscle - Skeletal
SRR19095775,,,,Vastus Lateralis,Muscle - Skeletal
SRR19095789,,,,Vastus Lateralis,Muscle - Skeletal
SRR19095795,,,,Vastus Lateralis,Muscle - Skeletal
SRR19095801,,,,Vastus Lateralis,Muscle - Skeletal
SRR19095802,,,,Vastus Lateralis,Muscle - Skeletal
SRR19095819,,,,Vastus Lateralis,Muscle - Skeletal
SRR19095826,,,,Vastus Lateralis,Muscle - Skeletal
SRR19095841,,,,Vastus Lateralis,Muscle - Skeletal
SRR19095842,,,,Vastus Lateralis,Muscle - Skeletal
SRR19095855,,,,Vastus Lateralis,Muscle - Skeletal
SRR19095856,,,,Vastus Lateralis,Muscle - Skeletal
SRR19095881,,,,Vastus Lateralis,Muscle - Skeletal
SRR19095882,,,,Vastus Lateralis,Muscle - Skeletal
SRR19095894,,,,Vastus Lateralis,Muscle - Skeletal
SRR19095906,,,,Vastus Lateralis,Muscle - Skeletal
SRR19095911,,,,Vastus Lateralis,Muscle - Skeletal
SRR19095912,,,,Vastus Lateralis,Muscle - Skeletal
ERR3549176,,,,,Oropharynx
ERR3549178,,,,,Oropharynx
ERR3549180,,,,,Oropharynx
ERR3549184,,,,,Oropharynx
ERR3549186,,,,,Oropharynx
ERR3549188,,,,,Oropharynx
ERR3549200,,,,,Oropharynx
ERR3549202,,,,,Oropharynx
ERR3549182,,,,,Oropharynx
ERR3549190,,,,,Oropharynx
ERR3549194,,,,,Oropharynx
ERR3549198,,,,,Oropharynx
ERR3549192,,,,,Oropharynx
ERR3549196,,,,,Oropharynx
ERR4310919,,,,,Oropharynx
ERR4310925,,,,,Oropharynx
ERR4310936,,,,,Oropharynx
ERR4310930,,,,,Oropharynx
ERR4310915,,,,,Oropharynx
ERR2022827,,,,,Ovary
SRR7167726,,,,normal ovarian surface brushings,Ovary
SRR7167729,,,,normal ovarian surface brushings,Ovary
SRR7167727,,,,normal ovarian surface brushings,Ovary
SRR7167728,,,,normal ovarian surface brushings,Ovary
SRR7430706,,,,Ovary,Ovary
SRR7430714,,,,Ovary,Ovary
SRR7430716,,,,Ovary,Ovary
SRR7430724,,,,Ovary,Ovary
SRR7430725,,,,Ovary,Ovary
SRR7430741,,,,Ovary,Ovary
SRR7430747,,,,Ovary,Ovary
SRR7430750,,,,Ovary,Ovary
SRR7430708,,,,Ovary,Ovary
SRR7430709,,,,Ovary,Ovary
SRR7430715,,,,Ovary,Ovary
SRR7430730,,,,Ovary,Ovary
SRR7430731,,,,Ovary,Ovary
SRR7430732,,,,Ovary,Ovary
SRR7430738,,,,Ovary,Ovary
SRR7430739,,,,Ovary,Ovary
SRR7430740,,,,Ovary,Ovary
SRR7430746,,,,Ovary,Ovary
SRR7430707,,,,Ovary,Ovary
SRR7430717,,,,Ovary,Ovary
SRR7430722,,,,Ovary,Ovary
SRR7430723,,,,Ovary,Ovary
SRR7430733,,,,Ovary,Ovary
SRR7430751,,,,Ovary,Ovary
SRR11586867,,,,Non-tumor-adjacent pancreatic tissue,Pancreas
SRR11586866,,,,Non-tumor-adjacent pancreatic tissue,Pancreas
SRR9007543,,,,Non-tumor-adjacent pancreatic tissue,Pancreas
SRR9007545,,,,Non-tumor-adjacent pancreatic tissue,Pancreas
SRR9007549,,,,Non-tumor-adjacent pancreatic tissue,Pancreas
SRR9007553,,,,Non-tumor-adjacent pancreatic tissue,Pancreas
SRR9007555,,,,Non-tumor-adjacent pancreatic tissue,Pancreas
SRR9007563,,,,Non-tumor-adjacent pancreatic tissue,Pancreas
SRR9007573,,,,Non-tumor-adjacent pancreatic tissue,Pancreas
SRR9007558,,,,Non-tumor-adjacent pancreatic tissue,Pancreas
SRR9007560,,,,Non-tumor-adjacent pancreatic tissue,Pancreas
SRR9007567,,,,Non-tumor-adjacent pancreatic tissue,Pancreas
SRR9007570,,,,Non-tumor-adjacent pancreatic tissue,Pancreas
SRR9007537,,,,Non-tumor-adjacent pancreatic tissue,Pancreas
SRR9007541,,,,Non-tumor-adjacent pancreatic tissue,Pancreas
SRR9007551,,,,Non-tumor-adjacent pancreatic tissue,Pancreas
SRR10030984,,,,normal pancreas,Pancreas
SRR10030985,,,,normal pancreas,Pancreas
SRR10030986,,,,normal pancreas,Pancreas
SRR10030988,,,,normal pancreas,Pancreas
SRR10030987,,,,normal pancreas,Pancreas
SRR11547409,,,,Liver tissue,Pancreas
ERR173274,,,,,Pancreas - Islet of Langherans
ERR173266,,,,,Pancreas - Islet of Langherans
ERR173280,,,,,Pancreas - Islet of Langherans
ERR173279,,,,,Pancreas - Islet of Langherans
SRR13764562,,,,pancreatic islets,Pancreas - Islet of Langherans
SRR13764553,,,,pancreatic islets,Pancreas - Islet of Langherans
SRR13764545,,,,pancreatic islets,Pancreas - Islet of Langherans
SRR13764547,,,,pancreatic islets,Pancreas - Islet of Langherans
SRR13764549,,,,pancreatic islets,Pancreas - Islet of Langherans
SRR13764558,,,,pancreatic islets,Pancreas - Islet of Langherans
SRR23596850,,,,Human pancreatic islets,Pancreas - Islet of Langherans
SRR23596851,,,,Human pancreatic islets,Pancreas - Islet of Langherans
SRR23596852,,,,Human pancreatic islets,Pancreas - Islet of Langherans
SRR23596853,,,,Human pancreatic islets,Pancreas - Islet of Langherans
SRR7167723,,,,normal peritoneal brushings,Peritoneum
SRR7167724,,,,normal peritoneal brushings,Peritoneum
SRR7167725,,,,normal peritoneal brushings,Peritoneum
SRR20140291,,,Pituitary cells,,Pituitary Gland
SRR20140287,,,Pituitary cells,,Pituitary Gland
SRR20140289,,,Pituitary cells,,Pituitary Gland
SRR20140288,,,Pituitary cells,,Pituitary Gland
ERR2022836,,,,,Placenta
SRR22301764,,,placental villous tissue,Placenta,Placenta
SRR22301766,,,placental villous tissue,Placenta,Placenta
SRR22301769,,,placental villous tissue,Placenta,Placenta
SRR22301770,,,placental villous tissue,Placenta,Placenta
SRR22301773,,,placental villous tissue,Placenta,Placenta
SRR22301778,,,placental villous tissue,Placenta,Placenta
SRR22301781,,,placental villous tissue,Placenta,Placenta
SRR22301762,,,placental villous tissue,Placenta,Placenta
SRR22301763,,,placental villous tissue,Placenta,Placenta
SRR22301765,,,placental villous tissue,Placenta,Placenta
SRR22301772,,,placental villous tissue,Placenta,Placenta
SRR22301774,,,placental villous tissue,Placenta,Placenta
SRR22301783,,,placental villous tissue,Placenta,Placenta
SRR22301785,,,placental villous tissue,Placenta,Placenta
SRR22301787,,,placental villous tissue,Placenta,Placenta
SRR22301788,,,placental villous tissue,Placenta,Placenta
SRR22301761,,,placental villous tissue,Placenta,Placenta
SRR22301767,,,placental villous tissue,Placenta,Placenta
SRR22301768,,,placental villous tissue,Placenta,Placenta
SRR22301771,,,placental villous tissue,Placenta,Placenta
SRR22301775,,,placental villous tissue,Placenta,Placenta
SRR22301776,,,placental villous tissue,Placenta,Placenta
SRR22301777,,,placental villous tissue,Placenta,Placenta
SRR22301779,,,placental villous tissue,Placenta,Placenta
SRR22301780,,,placental villous tissue,Placenta,Placenta
SRR22301782,,,placental villous tissue,Placenta,Placenta
SRR22301784,,,placental villous tissue,Placenta,Placenta
SRR22301786,,,placental villous tissue,Placenta,Placenta
SRR22301789,,,placental villous tissue,Placenta,Placenta
SRR22301790,,,placental villous tissue,Placenta,Placenta
SRR22925192,,,,Placenta,Placenta
SRR22925206,,,,Placenta,Placenta
SRR22925233,,,,Placenta,Placenta
SRR22925251,,,,Placenta,Placenta
SRR22925258,,,,Placenta,Placenta
SRR22925266,,,,Placenta,Placenta
SRR22925267,,,,Placenta,Placenta
SRR22925276,,,,Placenta,Placenta
SRR22925277,,,,Placenta,Placenta
SRR22925282,,,,Placenta,Placenta
SRR22925285,,,,Placenta,Placenta
SRR22925303,,,,Placenta,Placenta
SRR22925315,,,,Placenta,Placenta
SRR22925317,,,,Placenta,Placenta
SRR22925322,,,,Placenta,Placenta
SRR22925328,,,,Placenta,Placenta
SRR22925338,,,,Placenta,Placenta
SRR22925341,,,,Placenta,Placenta
SRR22925356,,,,Placenta,Placenta
SRR22925372,,,,Placenta,Placenta
SRR22925381,,,,Placenta,Placenta
SRR22925394,,,,Placenta,Placenta
SRR22925402,,,,Placenta,Placenta
SRR22925409,,,,Placenta,Placenta
SRR22925190,,,,Placenta,Placenta
SRR22925194,,,,Placenta,Placenta
SRR22925196,,,,Placenta,Placenta
SRR22925198,,,,Placenta,Placenta
SRR22925207,,,,Placenta,Placenta
SRR22925220,,,,Placenta,Placenta
SRR22925226,,,,Placenta,Placenta
SRR22925229,,,,Placenta,Placenta
SRR22925235,,,,Placenta,Placenta
SRR22925238,,,,Placenta,Placenta
SRR22925250,,,,Placenta,Placenta
SRR22925261,,,,Placenta,Placenta
SRR22925262,,,,Placenta,Placenta
SRR22925264,,,,Placenta,Placenta
SRR22925274,,,,Placenta,Placenta
SRR22925281,,,,Placenta,Placenta
SRR22925290,,,,Placenta,Placenta
SRR22925291,,,,Placenta,Placenta
SRR22925295,,,,Placenta,Placenta
SRR22925299,,,,Placenta,Placenta
SRR22925307,,,,Placenta,Placenta
SRR22925311,,,,Placenta,Placenta
SRR22925313,,,,Placenta,Placenta
SRR22925319,,,,Placenta,Placenta
SRR22925334,,,,Placenta,Placenta
SRR22925347,,,,Placenta,Placenta
SRR22925349,,,,Placenta,Placenta
SRR22925358,,,,Placenta,Placenta
SRR22925363,,,,Placenta,Placenta
SRR22925367,,,,Placenta,Placenta
SRR22925376,,,,Placenta,Placenta
SRR22925377,,,,Placenta,Placenta
SRR22925391,,,,Placenta,Placenta
SRR22925392,,,,Placenta,Placenta
SRR22925397,,,,Placenta,Placenta
SRR22925398,,,,Placenta,Placenta
SRR22925399,,,,Placenta,Placenta
SRR22925407,,,,Placenta,Placenta
SRR22925408,,,,Placenta,Placenta
SRR22925191,,,,Placenta,Placenta
SRR22925203,,,,Placenta,Placenta
SRR22925210,,,,Placenta,Placenta
SRR22925215,,,,Placenta,Placenta
SRR22925221,,,,Placenta,Placenta
SRR22925224,,,,Placenta,Placenta
SRR22925225,,,,Placenta,Placenta
SRR22925230,,,,Placenta,Placenta
SRR22925232,,,,Placenta,Placenta
SRR22925240,,,,Placenta,Placenta
SRR22925241,,,,Placenta,Placenta
SRR22925244,,,,Placenta,Placenta
SRR22925252,,,,Placenta,Placenta
SRR22925253,,,,Placenta,Placenta
SRR22925256,,,,Placenta,Placenta
SRR22925257,,,,Placenta,Placenta
SRR22925270,,,,Placenta,Placenta
SRR22925293,,,,Placenta,Placenta
SRR22925305,,,,Placenta,Placenta
SRR22925310,,,,Placenta,Placenta
SRR22925312,,,,Placenta,Placenta
SRR22925330,,,,Placenta,Placenta
SRR22925336,,,,Placenta,Placenta
SRR22925343,,,,Placenta,Placenta
SRR22925344,,,,Placenta,Placenta
SRR22925360,,,,Placenta,Placenta
SRR22925362,,,,Placenta,Placenta
SRR22925366,,,,Placenta,Placenta
SRR22925370,,,,Placenta,Placenta
SRR22925379,,,,Placenta,Placenta
SRR22925388,,,,Placenta,Placenta
SRR22925389,,,,Placenta,Placenta
SRR22847399,,,,Placenta,Placenta
SRR22847395,,,,Placenta,Placenta
SRR22847394,,,,Placenta,Placenta
SRR22847438,,,,Placenta,Placenta
SRR22847437,,,,Placenta,Placenta
SRR22847435,,,,Placenta,Placenta
SRR22847434,,,,Placenta,Placenta
SRR22847372,,,,Placenta,Placenta
SRR22847356,,,,Placenta,Placenta
SRR22847422,,,,Placenta,Placenta
SRR22847414,,,,Placenta,Placenta
SRR22847407,,,,Placenta,Placenta
SRR22847384,,,,Placenta,Placenta
SRR22847375,,,,Placenta,Placenta
SRR22847373,,,,Placenta,Placenta
ERR2022837,,,,,Prostate
SRR25387857,,,,prostate,Prostate
SRR25387873,,,,prostate,Prostate
SRR25387877,,,,prostate,Prostate
SRR25387880,,,,prostate,Prostate
SRR25387884,,,,prostate,Prostate
SRR25387897,,,,prostate,Prostate
SRR25387905,,,,prostate,Prostate
SRR25387907,,,,prostate,Prostate
SRR25387909,,,,prostate,Prostate
SRR25387911,,,,prostate,Prostate
SRR25387915,,,,prostate,Prostate
SRR25387917,,,,prostate,Prostate
SRR25387926,,,,prostate,Prostate
SRR25387930,,,,prostate,Prostate
SRR25387932,,,,prostate,Prostate
SRR25387944,,,,prostate,Prostate
SRR25387953,,,,prostate,Prostate
SRR25387964,,,,prostate,Prostate
SRR25387971,,,,prostate,Prostate
SRR25387865,,,,prostate,Prostate
SRR25387867,,,,prostate,Prostate
SRR25387869,,,,prostate,Prostate
SRR25387871,,,,prostate,Prostate
SRR25387886,,,,prostate,Prostate
SRR25387890,,,,prostate,Prostate
SRR25387892,,,,prostate,Prostate
SRR25387895,,,,prostate,Prostate
SRR25387899,,,,prostate,Prostate
SRR25387901,,,,prostate,Prostate
SRR25387913,,,,prostate,Prostate
SRR25387919,,,,prostate,Prostate
SRR25387922,,,,prostate,Prostate
SRR25387924,,,,prostate,Prostate
SRR25387934,,,,prostate,Prostate
SRR25387938,,,,prostate,Prostate
SRR25387951,,,,prostate,Prostate
SRR25387962,,,,prostate,Prostate
SRR25387975,,,,prostate,Prostate
SRR25387977,,,,prostate,Prostate
SRR25387859,,,,prostate,Prostate
SRR25387861,,,,prostate,Prostate
SRR25387863,,,,prostate,Prostate
SRR25387875,,,,prostate,Prostate
SRR25387882,,,,prostate,Prostate
SRR25387888,,,,prostate,Prostate
SRR25387903,,,,prostate,Prostate
SRR25387921,,,,prostate,Prostate
SRR25387928,,,,prostate,Prostate
SRR25387936,,,,prostate,Prostate
SRR25387940,,,,prostate,Prostate
SRR25387942,,,,prostate,Prostate
SRR25387946,,,,prostate,Prostate
SRR25387948,,,,prostate,Prostate
SRR25387955,,,,prostate,Prostate
SRR25387957,,,,prostate,Prostate
SRR25387960,,,,prostate,Prostate
SRR25387966,,,,prostate,Prostate
SRR25387973,,,,prostate,Prostate
SRR22966221,,differentiated primary cells,epitheial,airway epithelia,Respiratory tract epithelium
SRR22966224,,differentiated primary cells,epitheial,airway epithelia,Respiratory tract epithelium
SRR22966228,,differentiated primary cells,epitheial,airway epithelia,Respiratory tract epithelium
SRR22966230,,differentiated primary cells,epitheial,airway epithelia,Respiratory tract epithelium
SRR22966231,,differentiated primary cells,epitheial,airway epithelia,Respiratory tract epithelium
SRR22966233,,differentiated primary cells,epitheial,airway epithelia,Respiratory tract epithelium
SRR22966234,,differentiated primary cells,epitheial,airway epithelia,Respiratory tract epithelium
SRR22966237,,differentiated primary cells,epitheial,airway epithelia,Respiratory tract epithelium
SRR22966238,,differentiated primary cells,epitheial,airway epithelia,Respiratory tract epithelium
SRR22966239,,differentiated primary cells,epitheial,airway epithelia,Respiratory tract epithelium
SRR22966240,,differentiated primary cells,epitheial,airway epithelia,Respiratory tract epithelium
SRR22966248,,differentiated primary cells,epitheial,airway epithelia,Respiratory tract epithelium
SRR22966249,,differentiated primary cells,epitheial,airway epithelia,Respiratory tract epithelium
SRR22966252,,differentiated primary cells,epitheial,airway epithelia,Respiratory tract epithelium
SRR22966259,,differentiated primary cells,epitheial,airway epithelia,Respiratory tract epithelium
SRR22966262,,differentiated primary cells,epitheial,airway epithelia,Respiratory tract epithelium
SRR22966269,,differentiated primary cells,epitheial,airway epithelia,Respiratory tract epithelium
SRR22966273,,differentiated primary cells,epitheial,airway epithelia,Respiratory tract epithelium
SRR22966274,,differentiated primary cells,epitheial,airway epithelia,Respiratory tract epithelium
SRR22966236,,differentiated primary cells,epitheial,airway epithelia,Respiratory tract epithelium
SRR22966242,,differentiated primary cells,epitheial,airway epithelia,Respiratory tract epithelium
SRR22966244,,differentiated primary cells,epitheial,airway epithelia,Respiratory tract epithelium
SRR22966245,,differentiated primary cells,epitheial,airway epithelia,Respiratory tract epithelium
SRR22966246,,differentiated primary cells,epitheial,airway epithelia,Respiratory tract epithelium
SRR22966254,,differentiated primary cells,epitheial,airway epithelia,Respiratory tract epithelium
SRR22966258,,differentiated primary cells,epitheial,airway epithelia,Respiratory tract epithelium
SRR22966263,,differentiated primary cells,epitheial,airway epithelia,Respiratory tract epithelium
SRR22966268,,differentiated primary cells,epitheial,airway epithelia,Respiratory tract epithelium
SRR22966271,,differentiated primary cells,epitheial,airway epithelia,Respiratory tract epithelium
SRR22966275,,differentiated primary cells,epitheial,airway epithelia,Respiratory tract epithelium
SRR22966222,,differentiated primary cells,epitheial,airway epithelia,Respiratory tract epithelium
SRR22966225,,differentiated primary cells,epitheial,airway epithelia,Respiratory tract epithelium
SRR22966227,,differentiated primary cells,epitheial,airway epithelia,Respiratory tract epithelium
SRR22966235,,differentiated primary cells,epitheial,airway epithelia,Respiratory tract epithelium
SRR22966243,,differentiated primary cells,epitheial,airway epithelia,Respiratory tract epithelium
SRR22966247,,differentiated primary cells,epitheial,airway epithelia,Respiratory tract epithelium
SRR22966251,,differentiated primary cells,epitheial,airway epithelia,Respiratory tract epithelium
SRR22966255,,differentiated primary cells,epitheial,airway epithelia,Respiratory tract epithelium
SRR22966265,,differentiated primary cells,epitheial,airway epithelia,Respiratory tract epithelium
SRR22966266,,differentiated primary cells,epitheial,airway epithelia,Respiratory tract epithelium
SRR22966272,,differentiated primary cells,epitheial,airway epithelia,Respiratory tract epithelium
SRR15100672,,,,normal salivary gland,Salivary Gland
SRR15100670,,,,normal salivary gland,Salivary Gland
SRR15100674,,,,normal salivary gland,Salivary Gland
SRR15100666,,,,normal salivary gland,Salivary Gland
SRR15100668,,,,normal salivary gland,Salivary Gland
SRR8052753,,,,,Skin
SRR8052755,,,,,Skin
SRR8052756,,,,,Skin
SRR8052758,,,,,Skin
SRR8052759,,,,,Skin
SRR8052760,,,,,Skin
SRR8052765,,,,,Skin
SRR8052768,,,,,Skin
SRR8052771,,,,,Skin
SRR8052772,,,,,Skin
SRR8052773,,,,,Skin
SRR8052782,,,,,Skin
SRR8052785,,,,,Skin
SRR8052787,,,,,Skin
SRR8052751,,,,,Skin
SRR8052752,,,,,Skin
SRR8052754,,,,,Skin
SRR8052757,,,,,Skin
SRR8052761,,,,,Skin
SRR8052762,,,,,Skin
SRR8052767,,,,,Skin
SRR8052774,,,,,Skin
SRR8052779,,,,,Skin
SRR8052780,,,,,Skin
SRR8052788,,,,,Skin
SRR8052763,,,,,Skin
SRR8052764,,,,,Skin
SRR8052766,,,,,Skin
SRR8052769,,,,,Skin
SRR8052770,,,,,Skin
SRR8052775,,,,,Skin
SRR8052776,,,,,Skin
SRR8052777,,,,,Skin
SRR8052778,,,,,Skin
SRR8052781,,,,,Skin
SRR8052783,,,,,Skin
SRR8052784,,,,,Skin
SRR8052786,,,,,Skin
SRR6937753,,,,skin,Skin
SRR6937759,,,,skin,Skin
SRR6937761,,,,skin,Skin
SRR6937764,,,,skin,Skin
SRR6937767,,,,skin,Skin
SRR6937780,,,,skin,Skin
SRR6937781,,,,skin,Skin
SRR6937797,,,,skin,Skin
SRR6937798,,,,skin,Skin
SRR6937799,,,,skin,Skin
SRR6937807,,,,skin,Skin
SRR6937811,,,,skin,Skin
SRR6937757,,,,skin,Skin
SRR6937763,,,,skin,Skin
SRR6937765,,,,skin,Skin
SRR6937766,,,,skin,Skin
SRR6937777,,,,skin,Skin
SRR6937779,,,,skin,Skin
SRR6937782,,,,skin,Skin
SRR6937783,,,,skin,Skin
SRR6937784,,,,skin,Skin
SRR6937785,,,,skin,Skin
SRR6937786,,,,skin,Skin
SRR6937787,,,,skin,Skin
SRR6937800,,,,skin,Skin
SRR6937810,,,,skin,Skin
SRR6937754,,,,skin,Skin
SRR6937758,,,,skin,Skin
SRR6937778,,,,skin,Skin
SRR6937801,,,,skin,Skin
SRR6937808,,,,skin,Skin
SRR6937809,,,,skin,Skin
SRR25383772,,,,skin,Skin
SRR25383773,,,,skin,Skin
SRR25383765,,,,skin,Skin
SRR25383764,,,,skin,Skin
SRR20695360,,,,dermis,Skin - Dermis
SRR20695354,,,,dermis,Skin - Dermis
SRR20695348,,,,dermis,Skin - Dermis
SRR20695342,,,,dermis,Skin - Dermis
SRR20695340,,,,dermis,Skin - Dermis
SRR20695362,,,,dermis,Skin - Dermis
SRR20695358,,,,dermis,Skin - Dermis
SRR20695352,,,,dermis,Skin - Dermis
SRR20695350,,,,dermis,Skin - Dermis
SRR20695356,,,,dermis,Skin - Dermis
SRR20695338,,,,dermis,Skin - Dermis
SRR20695346,,,,dermis,Skin - Dermis
SRR20695336,,,,dermis,Skin - Dermis
SRR20695344,,,,dermis,Skin - Dermis
SRR20695353,,,,epidermis,Skin - Epidermis
SRR20695347,,,,epidermis,Skin - Epidermis
SRR20695341,,,,epidermis,Skin - Epidermis
SRR20695339,,,,epidermis,Skin - Epidermis
SRR20695361,,,,epidermis,Skin - Epidermis
SRR20695357,,,,epidermis,Skin - Epidermis
SRR20695351,,,,epidermis,Skin - Epidermis
SRR20695349,,,,epidermis,Skin - Epidermis
SRR20695355,,,,epidermis,Skin - Epidermis
SRR20695337,,,,epidermis,Skin - Epidermis
SRR20695345,,,,epidermis,Skin - Epidermis
SRR20695335,,,,epidermis,Skin - Epidermis
SRR20695343,,,,epidermis,Skin - Epidermis
SRR20695359,,,,epidermis,Skin - Epidermis
ERR2022839,,,,,Small Intestine
SRR5259628,,,,Uninvolved,Small Intestine - Duodenum
SRR5259636,,,,Uninvolved,Small Intestine - Duodenum
SRR5259637,,,,Uninvolved,Small Intestine - Duodenum
SRR5259638,,,,Uninvolved,Small Intestine - Duodenum
SRR5259639,,,,Uninvolved,Small Intestine - Duodenum
SRR5259640,,,,Uninvolved,Small Intestine - Duodenum
SRR5259641,,,,Uninvolved,Small Intestine - Duodenum
SRR5259642,,,,Uninvolved,Small Intestine - Duodenum
SRR5259643,,,,Uninvolved,Small Intestine - Duodenum
SRR5259629,,,,Uninvolved,Small Intestine - Duodenum
SRR5259644,,,,Uninvolved,Small Intestine - Duodenum
SRR5259630,,,,Uninvolved,Small Intestine - Duodenum
SRR5259631,,,,Uninvolved,Small Intestine - Duodenum
SRR5259632,,,,Uninvolved,Small Intestine - Duodenum
SRR5259633,,,,Uninvolved,Small Intestine - Duodenum
SRR5259634,,,,Uninvolved,Small Intestine - Duodenum
SRR5259635,,,,Uninvolved,Small Intestine - Duodenum
ERR1993160,,,,,Small Intestine - Ileum
ERR1993164,,,,,Small Intestine - Ileum
ERR1993178,,,,,Small Intestine - Ileum
ERR1993163,,,,,Small Intestine - Ileum
ERR1993165,,,,,Small Intestine - Ileum
ERR1993166,,,,,Small Intestine - Ileum
ERR1993152,,,,,Small Intestine - Ileum
ERR1993173,,,,,Small Intestine - Ileum
ERR1993180,,,,,Small Intestine - Ileum
ERR1993175,,,,,Small Intestine - Ileum
ERR1993159,,,,,Small Intestine - Ileum
ERR1993177,,,,,Small Intestine - Ileum
ERR1993179,,,,,Small Intestine - Ileum
ERR1993181,,,,,Small Intestine - Ileum
ERR1993150,,,,,Small Intestine - Ileum
ERR1993154,,,,,Small Intestine - Ileum
ERR1993156,,,,,Small Intestine - Ileum
ERR1993157,,,,,Small Intestine - Ileum
ERR1993169,,,,,Small Intestine - Ileum
ERR1993170,,,,,Small Intestine - Ileum
ERR1993174,,,,,Small Intestine - Ileum
ERR1993176,,,,,Small Intestine - Ileum
ERR1993151,,,,,Small Intestine - Ileum
ERR1993153,,,,,Small Intestine - Ileum
ERR1993155,,,,,Small Intestine - Ileum
ERR1993158,,,,,Small Intestine - Ileum
ERR1993161,,,,,Small Intestine - Ileum
ERR1993162,,,,,Small Intestine - Ileum
ERR1993167,,,,,Small Intestine - Ileum
ERR1993168,,,,,Small Intestine - Ileum
ERR1993171,,,,,Small Intestine - Ileum
ERR1993172,,,,,Small Intestine - Ileum
ERR2022840,,,,,Spleen
SRR1721307,,,,,Stomach
SRR1721308,,,,,Stomach
SRR1721309,,,,,Stomach
SRR1721310,,,,,Stomach
SRR1721311,,,,,Stomach
SRR1721312,,,,,Stomach
SRR1721313,,,,,Stomach
SRR12535722,,,,stomach,Stomach
SRR12535724,,,,stomach,Stomach
SRR12535726,,,,stomach,Stomach
SRR4785812,,,,,Synovial Fluid
SRR4785821,,,,,Synovial Fluid
SRR4785822,,,,,Synovial Fluid
SRR4785823,,,,,Synovial Fluid
SRR4785824,,,,,Synovial Fluid
SRR4785825,,,,,Synovial Fluid
SRR4785826,,,,,Synovial Fluid
SRR4785827,,,,,Synovial Fluid
SRR4785828,,,,,Synovial Fluid
SRR4785829,,,,,Synovial Fluid
SRR4785830,,,,,Synovial Fluid
SRR4785813,,,,,Synovial Fluid
SRR4785831,,,,,Synovial Fluid
SRR4785832,,,,,Synovial Fluid
SRR4785833,,,,,Synovial Fluid
SRR4785834,,,,,Synovial Fluid
SRR4785835,,,,,Synovial Fluid
SRR4785836,,,,,Synovial Fluid
SRR4785837,,,,,Synovial Fluid
SRR4785838,,,,,Synovial Fluid
SRR4785839,,,,,Synovial Fluid
SRR4785814,,,,,Synovial Fluid
SRR4785815,,,,,Synovial Fluid
SRR4785816,,,,,Synovial Fluid
SRR4785817,,,,,Synovial Fluid
SRR4785818,,,,,Synovial Fluid
SRR4785819,,,,,Synovial Fluid
SRR4785820,,,,,Synovial Fluid
ERR1514458,,,tenocyte,,Tendon - tenocyte
ERR1514459,,,tenocyte,,Tendon - tenocyte
ERR1514460,,,tenocyte,,Tendon - tenocyte
ERR1514453,,,tenocyte,,Tendon - tenocyte
ERR1514452,,,tenocyte,,Tendon - tenocyte
ERR1514454,,,tenocyte,,Tendon - tenocyte
ERR1514456,,,tenocyte,,Tendon - tenocyte
ERR1514457,,,tenocyte,,Tendon - tenocyte
ERR2022841,,,,,Testis
SRR7430712,,,,Testis,Testis
SRR7430713,,,,Testis,Testis
SRR7430720,,,,Testis,Testis
SRR7430726,,,,Testis,Testis
SRR7430729,,,,Testis,Testis
SRR7430734,,,,Testis,Testis
SRR7430735,,,,Testis,Testis
SRR7430737,,,,Testis,Testis
SRR7430748,,,,Testis,Testis
SRR7430749,,,,Testis,Testis
SRR7430710,,,,Testis,Testis
SRR7430718,,,,Testis,Testis
SRR7430721,,,,Testis,Testis
SRR7430727,,,,Testis,Testis
SRR7430744,,,,Testis,Testis
SRR7430745,,,,Testis,Testis
SRR7430752,,,,Testis,Testis
SRR7430711,,,,Testis,Testis
SRR7430719,,,,Testis,Testis
SRR7430728,,,,Testis,Testis
SRR7430736,,,,Testis,Testis
SRR7430742,,,,Testis,Testis
SRR7430743,,,,Testis,Testis
SRR7430753,,,,Testis,Testis
SRR13142167,,,,Testis,Testis
SRR13142171,,,,Testis,Testis
SRR13142168,,,,Testis,Testis
SRR13142166,,,,Testis,Testis
SRR13142169,,,,Testis,Testis
SRR13142170,,,,Testis,Testis
ERR2022842,,,,,Thymus
ERR4659269,,,thymic interstitial cell,,Thymus
ERR4659271,,,thymic interstitial cell,,Thymus
ERR4659274,,,thymic interstitial cell,,Thymus
ERR4659270,,,thymic interstitial cell,,Thymus
ERR4659272,,,thymic interstitial cell,,Thymus
ERR4659273,,,thymic interstitial cell,,Thymus
ERR4659278,,,cortical thymic epithelial cell,,Thymus - Cortical thymic epithelial cell
ERR4659285,,,cortical thymic epithelial cell,,Thymus - Cortical thymic epithelial cell
ERR4659275,,,cortical thymic epithelial cell,,Thymus - Cortical thymic epithelial cell
ERR4659277,,,cortical thymic epithelial cell,,Thymus - Cortical thymic epithelial cell
ERR4659276,,,cortical thymic epithelial cell,,Thymus - Cortical thymic epithelial cell
ERR4659286,,,cortical thymic epithelial cell,,Thymus - Cortical thymic epithelial cell
ERR4659289,,,epithelial cell of thymus,,Thymus - Epithelial cell
ERR4659287,,,epithelial cell of thymus,,Thymus - Epithelial cell
ERR4659290,,,epithelial cell of thymus,,Thymus - Epithelial cell
ERR4659291,,,epithelial cell of thymus,,Thymus - Epithelial cell
ERR4659288,,,epithelial cell of thymus,,Thymus - Epithelial cell
ERR4659280,,,medullary thymic epithelial cell,,Thymus - Medullary thymic epithelial cell
ERR4659281,,,medullary thymic epithelial cell,,Thymus - Medullary thymic epithelial cell
ERR4659279,,,medullary thymic epithelial cell,,Thymus - Medullary thymic epithelial cell
ERR4659284,,,medullary thymic epithelial cell,,Thymus - Medullary thymic epithelial cell
ERR4659292,,,epithelial cell of thymus,,Thymus - Medullary thymic epithelial cell
ERR4659282,,,medullary thymic epithelial cell,,Thymus - Medullary thymic epithelial cell
ERR4659283,,,medullary thymic epithelial cell,,Thymus - Medullary thymic epithelial cell
ERR2022843,,,,,Thyroid Gland
SRR3703019,,,,Noncancerous tissue,Thyroid Gland
SRR3703021,,,,Noncancerous tissue,Thyroid Gland
SRR3703023,,,,Noncancerous tissue,Thyroid Gland
SRR3703029,,,,Noncancerous tissue,Thyroid Gland
SRR3703031,,,,Noncancerous tissue,Thyroid Gland
SRR3703017,,,,Noncancerous tissue,Thyroid Gland
SRR3703025,,,,Noncancerous tissue,Thyroid Gland
SRR3703035,,,,Noncancerous tissue,Thyroid Gland
SRR3703037,,,,Noncancerous tissue,Thyroid Gland
SRR3703015,,,,Noncancerous tissue,Thyroid Gland
SRR3703027,,,,Noncancerous tissue,Thyroid Gland
SRR3703033,,,,Noncancerous tissue,Thyroid Gland
SRR13572958,,,,"Normal appearing thyroid tissue adjacent to PTC tumor,tumor-adjacent
SRR13572959,,,,"Normal appearing thyroid tissue adjacent to PTC tumor,tumor-adjacent
SRR13572960,,,,"Normal appearing thyroid tissue adjacent to PTC tumor,tumor-adjacent
SRR13572961,,,,"Normal appearing thyroid tissue adjacent to PTC tumor,tumor-adjacent
SRR13572962,,,,"Normal appearing thyroid tissue adjacent to PTC tumor,tumor-adjacent
SRR13572963,,,,"Normal appearing thyroid tissue adjacent to PTC tumor,tumor-adjacent
SRR13572964,,,,"Normal appearing thyroid tissue adjacent to PTC tumor,tumor-adjacent
SRR13572965,,,,"Normal appearing thyroid tissue adjacent to PTC tumor,tumor-adjacent
SRR13572966,,,,"Normal appearing thyroid tissue adjacent to PTC tumor,tumor-adjacent
SRR13572967,,,,"Normal appearing thyroid tissue adjacent to PTC tumor,tumor-adjacent
SRR13572968,,,,"Normal appearing thyroid tissue adjacent to PTC tumor,tumor-adjacent
SRR13572969,,,,"Normal appearing thyroid tissue adjacent to PTC tumor,tumor-adjacent
SRR13572896,,,,"Normal appearing thyroid tissue adjacent to PTC tumor,tumor-adjacent
SRR13572914,,,,"Normal appearing thyroid tissue adjacent to PTC tumor,tumor-adjacent
SRR13572916,,,,"Normal appearing thyroid tissue adjacent to PTC tumor,tumor-adjacent
SRR13572918,,,,"Normal appearing thyroid tissue adjacent to PTC tumor,tumor-adjacent
SRR13572920,,,,"Normal appearing thyroid tissue adjacent to PTC tumor,tumor-adjacent
SRR13572922,,,,"Normal appearing thyroid tissue adjacent to PTC tumor,tumor-adjacent
SRR13572924,,,,"Normal appearing thyroid tissue adjacent to PTC tumor,tumor-adjacent
SRR13572926,,,,"Normal appearing thyroid tissue adjacent to PTC tumor,tumor-adjacent
SRR13572928,,,,"Normal appearing thyroid tissue adjacent to PTC tumor,tumor-adjacent
SRR13572929,,,,"Normal appearing thyroid tissue adjacent to PTC tumor,tumor-adjacent
SRR13572930,,,,"Normal appearing thyroid tissue adjacent to PTC tumor,tumor-adjacent
SRR13572898,,,,"Normal appearing thyroid tissue adjacent to PTC tumor,tumor-adjacent
SRR13572931,,,,"Normal appearing thyroid tissue adjacent to PTC tumor,tumor-adjacent
SRR13572932,,,,"Normal appearing thyroid tissue adjacent to PTC tumor,tumor-adjacent
SRR13572933,,,,"Normal appearing thyroid tissue adjacent to PTC tumor,tumor-adjacent
SRR13572934,,,,"Normal appearing thyroid tissue adjacent to PTC tumor,tumor-adjacent
SRR13572935,,,,"Normal appearing thyroid tissue adjacent to PTC tumor,tumor-adjacent
SRR13572936,,,,"Normal appearing thyroid tissue adjacent to PTC tumor,tumor-adjacent
SRR13572937,,,,"Normal appearing thyroid tissue adjacent to PTC tumor,tumor-adjacent
SRR13572938,,,,"Normal appearing thyroid tissue adjacent to PTC tumor,tumor-adjacent
SRR13572939,,,,"Normal appearing thyroid tissue adjacent to PTC tumor,tumor-adjacent
SRR13572940,,,,"Normal,
SRR13572900,,,,"Normal,
SRR13572941,,,,"Normal,
SRR13572942,,,,"Normal,
SRR13572943,,,,"Normal,
SRR13572944,,,,"Normal,
SRR13572945,,,,"Normal,
SRR13572946,,,,"Normal,
SRR13572947,,,,"Normal,
SRR25373043,,,,,Thyroid Gland
SRR25373044,,,,,Thyroid Gland
SRR25373045,,,,,Thyroid Gland
SRR25373046,,,,,Thyroid Gland
ERR2022844,,,,,Trachea
SRR7767510,,,,endometrium,Uterus - Endometrium
SRR7767513,,,,endometrium,Uterus - Endometrium
SRR7767515,,,,endometrium,Uterus - Endometrium
SRR7767516,,,,endometrium,Uterus - Endometrium
SRR7767517,,,,endometrium,Uterus - Endometrium
SRR7767518,,,,endometrium,Uterus - Endometrium
SRR7767519,,,,endometrium,Uterus - Endometrium
SRR7767511,,,,endometrium,Uterus - Endometrium
SRR7767512,,,,endometrium,Uterus - Endometrium
SRR7767514,,,,endometrium,Uterus - Endometrium
SRR7767520,,,,endometrium,Uterus - Endometrium
SRR16212314,,,,,Uterus - Endometrium
SRR16212315,,,,,Uterus - Endometrium
SRR16212316,,,,,Uterus - Endometrium
SRR16212317,,,,,Uterus - Endometrium
SRR16212318,,,,,Uterus - Endometrium
SRR16212319,,,,,Uterus - Endometrium
SRR16212320,,,,,Uterus - Endometrium
SRR16212321,,,,,Uterus - Endometrium
SRR16212322,,,,,Uterus - Endometrium
SRR16212323,,,,,Uterus - Endometrium
SRR24630283,,,,endometrium,Uterus - Endometrium
SRR24630284,,,,endometrium,Uterus - Endometrium
SRR24630274,,,,endometrium,Uterus - Endometrium
SRR24630276,,,,endometrium,Uterus - Endometrium
SRR24630278,,,,endometrium,Uterus - Endometrium
SRR24630281,,,,endometrium,Uterus - Endometrium
SRR24630282,,,,endometrium,Uterus - Endometrium
SRR5877754,,,primary human tracheal epithelial cells,,
SRR5877756,,,primary human tracheal epithelial cells,,
SRR5877757,,,primary human tracheal epithelial cells,,
SRR5877755,,,primary human tracheal epithelial cells,,
